customer_id,recency,frequency,monetary,recency_score,frequency_score,monetary_score,rfm_score,rfm_segment
CUST-00001,1,4,17732.31,4,4,3,11,Champions
CUST-00002,1,5,19367.54,4,4,4,12,Champions
CUST-00003,223,2,3722.87,1,2,1,4,At Risk
CUST-00004,269,1,3536.1,1,1,1,3,At Risk
CUST-00005,1,2,24635.21,4,2,4,10,Growing
CUST-00006,153,1,2657.82,2,1,1,4,At Risk
CUST-00007,246,2,15538.42,1,2,3,6,Occasional
CUST-00008,51,1,2971.67,3,1,1,5,At Risk
CUST-00009,51,1,643.34,3,1,1,5,At Risk
CUST-00010,27,4,9862.34,4,4,2,10,Growing
CUST-00011,1,4,18786.44,4,4,3,11,Champions
CUST-00013,178,1,35715.94,1,1,4,6,Occasional
CUST-00014,1,1,6255.98,4,1,2,7,Occasional
CUST-00017,90,3,16246.64,3,3,3,9,Growing
CUST-00018,90,3,18246.46,3,3,3,9,Growing
CUST-00019,153,3,19008.87,2,3,3,8,Occasional
CUST-00020,115,3,15411.67,2,3,3,8,Occasional
CUST-00021,27,1,1930.81,4,1,1,6,Occasional
CUST-00022,223,2,4467.47,1,2,1,4,At Risk
CUST-00023,246,1,2662.07,1,1,1,3,At Risk
CUST-00024,1,1,5043.42,4,1,2,7,Occasional
CUST-00025,153,5,10769.880000000001,2,4,3,9,Growing
CUST-00026,51,4,40720.46,3,4,4,11,Champions
CUST-00027,90,1,2358.79,3,1,1,5,At Risk
CUST-00028,1,4,28538.309999999998,4,4,4,12,Champions
CUST-00029,178,1,7416.65,1,1,2,4,At Risk
CUST-00030,1,5,42081.42,4,4,4,12,Champions
CUST-00031,202,1,9888.24,1,1,2,4,At Risk
CUST-00032,51,3,6206.88,3,3,2,8,Occasional
CUST-00034,1,3,8918.939999999999,4,3,2,9,Growing
CUST-00035,27,3,4583.41,4,3,1,8,Occasional
CUST-00037,223,2,6214.31,1,2,2,5,At Risk
CUST-00038,51,3,18697.45,3,3,3,9,Growing
CUST-00039,295,1,3488.87,1,1,1,3,At Risk
CUST-00040,1,4,12334.2,4,4,3,11,Champions
CUST-00041,153,1,3537.34,2,1,1,4,At Risk
CUST-00042,269,1,1103.04,1,1,1,3,At Risk
CUST-00043,90,1,3395.11,3,1,1,5,At Risk
CUST-00044,1,3,8156.22,4,3,2,9,Growing
CUST-00045,115,1,3762.01,2,1,1,4,At Risk
CUST-00046,1,3,13670.34,4,3,3,10,Growing
CUST-00047,115,2,3957.7599999999998,2,2,1,5,At Risk
CUST-00048,51,1,1489.92,3,1,1,5,At Risk
CUST-00049,27,3,14928.76,4,3,3,10,Growing
CUST-00050,153,3,23390.67,2,3,4,9,Growing
CUST-00051,1,3,24425.14,4,3,4,11,Champions
CUST-00052,1,2,32221.68,4,2,4,10,Growing
CUST-00053,1,1,7977.18,4,1,2,7,Occasional
CUST-00054,27,3,9553.92,4,3,2,9,Growing
CUST-00055,27,5,9664.14,4,4,2,10,Growing
CUST-00056,51,2,6763.88,3,2,2,7,Occasional
CUST-00057,223,1,731.26,1,1,1,3,At Risk
CUST-00058,90,1,816.46,3,1,1,5,At Risk
CUST-00059,51,4,10605.02,3,4,3,10,Growing
CUST-00061,115,2,15249.35,2,2,3,7,Occasional
CUST-00062,51,2,230.38,3,2,1,6,Occasional
CUST-00063,51,4,16470.1,3,4,3,10,Growing
CUST-00064,269,2,11618.970000000001,1,2,3,6,Occasional
CUST-00065,1,4,26163.2,4,4,4,12,Champions
CUST-00066,1,2,9338.4,4,2,2,8,Occasional
CUST-00070,27,3,22333.899999999998,4,3,4,11,Champions
CUST-00072,153,1,15907.88,2,1,3,6,Occasional
CUST-00073,1,2,15698.32,4,2,3,9,Growing
CUST-00074,153,1,7790.85,2,1,2,5,At Risk
CUST-00075,90,2,6747.0199999999995,3,2,2,7,Occasional
CUST-00076,51,2,11579.64,3,2,3,8,Occasional
CUST-00077,1,2,17944.47,4,2,3,9,Growing
CUST-00078,178,1,17573.82,1,1,3,5,At Risk
CUST-00080,246,2,4190.96,1,2,1,4,At Risk
CUST-00081,115,1,2103.58,2,1,1,4,At Risk
CUST-00082,1,3,16036.91,4,3,3,10,Growing
CUST-00083,1,3,10268.73,4,3,2,9,Growing
CUST-00084,1,5,37320.18,4,4,4,12,Champions
CUST-00085,223,1,223.47,1,1,1,3,At Risk
CUST-00086,269,1,5552.42,1,1,2,4,At Risk
CUST-00087,115,2,26772.79,2,2,4,8,Occasional
CUST-00088,90,1,1848.01,3,1,1,5,At Risk
CUST-00089,246,2,3426.79,1,2,1,4,At Risk
CUST-00090,51,3,4387.85,3,3,1,7,Occasional
CUST-00091,1,4,7101.48,4,4,2,10,Growing
CUST-00092,115,3,5153.13,2,3,2,7,Occasional
CUST-00093,178,1,11993.48,1,1,3,5,At Risk
CUST-00094,115,3,6929.42,2,3,2,7,Occasional
CUST-00095,1,2,15013.630000000001,4,2,3,9,Growing
CUST-00096,27,1,2716.59,4,1,1,6,Occasional
CUST-00097,153,2,6398.84,2,2,2,6,Occasional
CUST-00098,115,2,14926.48,2,2,3,7,Occasional
CUST-00099,115,3,5111.68,2,3,2,7,Occasional
CUST-00100,27,3,13479.98,4,3,3,10,Growing
CUST-00101,202,2,19005.04,1,2,3,6,Occasional
CUST-00102,153,1,3148.35,2,1,1,4,At Risk
CUST-00103,27,3,20477.55,4,3,4,11,Champions
CUST-00104,1,3,37552.42,4,3,4,11,Champions
CUST-00106,1,2,19229.660000000003,4,2,4,10,Growing
CUST-00107,202,2,3691.8,1,2,1,4,At Risk
CUST-00108,1,4,10741.960000000001,4,4,3,11,Champions
CUST-00109,202,2,11671.26,1,2,3,6,Occasional
CUST-00110,1,2,14757.97,4,2,3,9,Growing
CUST-00111,27,2,12202.869999999999,4,2,3,9,Growing
CUST-00112,1,4,18932.24,4,4,3,11,Champions
CUST-00113,153,2,8284.6,2,2,2,6,Occasional
CUST-00114,1,1,4865.62,4,1,1,6,Occasional
CUST-00115,27,5,42604.78,4,4,4,12,Champions
CUST-00116,27,4,23899.629999999997,4,4,4,12,Champions
CUST-00117,90,3,5996.51,3,3,2,8,Occasional
CUST-00118,269,1,1430.93,1,1,1,3,At Risk
CUST-00119,51,3,2171.17,3,3,1,7,Occasional
CUST-00120,90,1,8192.68,3,1,2,6,Occasional
CUST-00121,51,4,16298.34,3,4,3,10,Growing
CUST-00122,51,1,1440.44,3,1,1,5,At Risk
CUST-00124,27,1,9155.0,4,1,2,7,Occasional
CUST-00126,27,3,13481.97,4,3,3,10,Growing
CUST-00127,90,5,45626.12,3,4,4,11,Champions
CUST-00128,1,5,16324.97,4,4,3,11,Champions
CUST-00129,153,2,12938.18,2,2,3,7,Occasional
CUST-00130,27,3,17403.02,4,3,3,10,Growing
CUST-00131,1,3,10499.65,4,3,3,10,Growing
CUST-00132,27,3,4991.05,4,3,2,9,Growing
CUST-00133,1,1,14382.26,4,1,3,8,Occasional
CUST-00134,1,3,9295.9,4,3,2,9,Growing
CUST-00135,1,2,14040.89,4,2,3,9,Growing
CUST-00136,27,3,6684.29,4,3,2,9,Growing
CUST-00137,1,1,8050.02,4,1,2,7,Occasional
CUST-00138,27,7,29505.649999999998,4,4,4,12,Champions
CUST-00139,178,1,7078.94,1,1,2,4,At Risk
CUST-00140,1,5,33925.04,4,4,4,12,Champions
CUST-00141,27,2,11747.58,4,2,3,9,Growing
CUST-00142,1,3,36898.79,4,3,4,11,Champions
CUST-00143,1,2,15550.170000000002,4,2,3,9,Growing
CUST-00144,27,3,17990.65,4,3,3,10,Growing
CUST-00145,269,2,27221.27,1,2,4,7,Occasional
CUST-00146,1,2,15867.12,4,2,3,9,Growing
CUST-00147,27,2,8012.78,4,2,2,8,Occasional
CUST-00148,51,1,711.05,3,1,1,5,At Risk
CUST-00150,1,3,39966.05,4,3,4,11,Champions
CUST-00151,1,3,33649.16,4,3,4,11,Champions
CUST-00152,269,2,17379.57,1,2,3,6,Occasional
CUST-00153,115,3,21604.02,2,3,4,9,Growing
CUST-00155,27,2,8275.57,4,2,2,8,Occasional
CUST-00156,51,3,9298.04,3,3,2,8,Occasional
CUST-00157,1,5,21526.91,4,4,4,12,Champions
CUST-00158,27,1,11643.62,4,1,3,8,Occasional
CUST-00159,178,2,9015.7,1,2,2,5,At Risk
CUST-00160,178,1,12010.51,1,1,3,5,At Risk
CUST-00161,1,3,29210.769999999997,4,3,4,11,Champions
CUST-00162,51,1,55.25,3,1,1,5,At Risk
CUST-00163,223,1,1062.74,1,1,1,3,At Risk
CUST-00164,223,1,2180.0,1,1,1,3,At Risk
CUST-00165,90,2,4469.83,3,2,1,6,Occasional
CUST-00166,115,1,1626.22,2,1,1,4,At Risk
CUST-00168,1,3,34524.26,4,3,4,11,Champions
CUST-00169,27,1,9857.29,4,1,2,7,Occasional
CUST-00170,178,1,4928.18,1,1,2,4,At Risk
CUST-00172,178,3,27045.68,1,3,4,8,Occasional
CUST-00173,51,3,5044.34,3,3,2,8,Occasional
CUST-00174,27,1,2603.29,4,1,1,6,Occasional
CUST-00175,1,3,18030.629999999997,4,3,3,10,Growing
CUST-00177,269,1,7505.63,1,1,2,4,At Risk
CUST-00178,27,3,8732.27,4,3,2,9,Growing
CUST-00179,51,3,17808.72,3,3,3,9,Growing
CUST-00180,27,1,5841.14,4,1,2,7,Occasional
CUST-00182,90,3,13313.83,3,3,3,9,Growing
CUST-00183,1,2,13860.08,4,2,3,9,Growing
CUST-00184,153,4,11046.91,2,4,3,9,Growing
CUST-00185,202,2,6092.96,1,2,2,5,At Risk
CUST-00186,51,2,3144.06,3,2,1,6,Occasional
CUST-00187,51,3,12871.15,3,3,3,9,Growing
CUST-00188,115,2,12746.970000000001,2,2,3,7,Occasional
CUST-00189,51,2,2921.09,3,2,1,6,Occasional
CUST-00190,27,4,21315.02,4,4,4,12,Champions
CUST-00191,178,2,9363.81,1,2,2,5,At Risk
CUST-00192,27,5,22985.309999999998,4,4,4,12,Champions
CUST-00193,1,3,70791.55,4,3,4,11,Champions
CUST-00194,1,5,11163.5,4,4,3,11,Champions
CUST-00196,178,1,4975.61,1,1,2,4,At Risk
CUST-00197,27,2,3621.06,4,2,1,7,Occasional
CUST-00198,51,3,23358.04,3,3,4,10,Growing
CUST-00199,153,3,31238.129999999997,2,3,4,9,Growing
CUST-00200,269,1,16389.04,1,1,3,5,At Risk
CUST-00201,115,2,7478.4800000000005,2,2,2,6,Occasional
CUST-00202,178,3,17780.02,1,3,3,7,Occasional
CUST-00203,269,1,1713.58,1,1,1,3,At Risk
CUST-00204,153,1,6574.26,2,1,2,5,At Risk
CUST-00206,51,2,2536.37,3,2,1,6,Occasional
CUST-00207,51,4,18291.03,3,4,3,10,Growing
CUST-00208,1,3,16409.4,4,3,3,10,Growing
CUST-00209,115,2,12573.640000000001,2,2,3,7,Occasional
CUST-00210,90,4,41460.66,3,4,4,11,Champions
CUST-00211,51,2,5611.41,3,2,2,7,Occasional
CUST-00212,90,3,8072.959999999999,3,3,2,8,Occasional
CUST-00213,246,1,1163.14,1,1,1,3,At Risk
CUST-00214,90,1,8678.59,3,1,2,6,Occasional
CUST-00215,27,2,3922.49,4,2,1,7,Occasional
CUST-00216,295,1,2112.82,1,1,1,3,At Risk
CUST-00217,1,2,8130.61,4,2,2,8,Occasional
CUST-00218,178,3,26448.33,1,3,4,8,Occasional
CUST-00219,295,1,7186.31,1,1,2,4,At Risk
CUST-00220,153,2,6622.15,2,2,2,6,Occasional
CUST-00221,27,2,11787.03,4,2,3,9,Growing
CUST-00222,1,3,8926.42,4,3,2,9,Growing
CUST-00223,246,2,5336.91,1,2,2,5,At Risk
CUST-00224,90,2,2311.51,3,2,1,6,Occasional
CUST-00225,90,4,13030.55,3,4,3,10,Growing
CUST-00226,27,3,41456.3,4,3,4,11,Champions
CUST-00227,1,4,34589.99,4,4,4,12,Champions
CUST-00228,27,2,8407.73,4,2,2,8,Occasional
CUST-00229,1,3,31567.62,4,3,4,11,Champions
CUST-00230,1,2,10139.61,4,2,2,8,Occasional
CUST-00231,51,1,567.34,3,1,1,5,At Risk
CUST-00232,1,1,4564.45,4,1,1,6,Occasional
CUST-00233,115,1,4161.89,2,1,1,4,At Risk
CUST-00234,27,2,4534.67,4,2,1,7,Occasional
CUST-00235,90,4,9931.41,3,4,2,9,Growing
CUST-00236,27,5,27934.45,4,4,4,12,Champions
CUST-00237,153,2,8785.66,2,2,2,6,Occasional
CUST-00238,90,3,7038.45,3,3,2,8,Occasional
CUST-00240,178,2,19412.670000000002,1,2,4,7,Occasional
CUST-00241,115,2,20399.41,2,2,4,8,Occasional
CUST-00242,90,3,19858.2,3,3,4,10,Growing
CUST-00243,27,4,8063.13,4,4,2,10,Growing
CUST-00244,90,3,5654.3099999999995,3,3,2,8,Occasional
CUST-00245,27,3,14839.95,4,3,3,10,Growing
CUST-00246,90,3,6620.53,3,3,2,8,Occasional
CUST-00247,115,2,9090.310000000001,2,2,2,6,Occasional
CUST-00248,153,1,4360.53,2,1,1,4,At Risk
CUST-00249,223,2,21810.98,1,2,4,7,Occasional
CUST-00250,27,2,2791.0699999999997,4,2,1,7,Occasional
CUST-00251,27,2,3281.46,4,2,1,7,Occasional
CUST-00252,90,2,3801.4799999999996,3,2,1,6,Occasional
CUST-00253,51,2,11051.720000000001,3,2,3,8,Occasional
CUST-00254,153,1,2560.17,2,1,1,4,At Risk
CUST-00255,202,2,13585.18,1,2,3,6,Occasional
CUST-00256,115,4,23614.52,2,4,4,10,Growing
CUST-00257,269,1,382.74,1,1,1,3,At Risk
CUST-00258,246,2,4194.21,1,2,1,4,At Risk
CUST-00259,51,3,17176.93,3,3,3,9,Growing
CUST-00260,1,4,42303.01,4,4,4,12,Champions
CUST-00261,178,1,3405.92,1,1,1,3,At Risk
CUST-00262,1,5,16323.76,4,4,3,11,Champions
CUST-00263,1,6,66391.86,4,4,4,12,Champions
CUST-00264,27,3,18068.13,4,3,3,10,Growing
CUST-00265,1,3,38422.99,4,3,4,11,Champions
CUST-00267,1,3,14156.060000000001,4,3,3,10,Growing
CUST-00268,115,1,3529.68,2,1,1,4,At Risk
CUST-00269,90,1,1547.68,2,1,1,4,At Risk
CUST-00270,246,1,1343.37,1,1,1,3,At Risk
CUST-00271,27,2,6049.219999999999,4,2,2,8,Occasional
CUST-00272,90,2,8019.07,2,2,2,6,Occasional
CUST-00273,223,1,337.9,1,1,1,3,At Risk
CUST-00274,115,4,46193.340000000004,2,4,4,10,Growing
CUST-00275,51,3,9755.06,3,3,2,8,Occasional
CUST-00276,90,4,10886.51,2,4,3,9,Growing
CUST-00277,51,1,548.82,3,1,1,5,At Risk
CUST-00278,153,2,17430.86,2,2,3,7,Occasional
CUST-00279,27,3,11570.11,4,3,3,10,Growing
CUST-00280,178,3,16519.59,1,3,3,7,Occasional
CUST-00281,178,2,43809.08,1,2,4,7,Occasional
CUST-00282,115,1,2995.11,2,1,1,4,At Risk
CUST-00283,153,3,6714.4400000000005,2,3,2,7,Occasional
CUST-00284,51,2,4765.64,3,2,1,6,Occasional
CUST-00286,202,2,15347.18,1,2,3,6,Occasional
CUST-00287,269,1,3473.9,1,1,1,3,At Risk
CUST-00288,90,3,8593.74,2,3,2,7,Occasional
CUST-00289,153,2,8822.58,2,2,2,6,Occasional
CUST-00290,51,3,4053.13,3,3,1,7,Occasional
CUST-00291,27,4,13585.76,4,4,3,11,Champions
CUST-00292,1,4,19686.23,4,4,4,12,Champions
CUST-00293,90,2,2586.46,2,2,1,5,At Risk
CUST-00294,90,2,8267.72,2,2,2,6,Occasional
CUST-00295,115,2,12479.48,2,2,3,7,Occasional
CUST-00296,202,2,6191.719999999999,1,2,2,5,At Risk
CUST-00297,51,4,13187.48,3,4,3,10,Growing
CUST-00298,153,1,11108.16,2,1,3,6,Occasional
CUST-00299,27,3,31656.45,4,3,4,11,Champions
CUST-00301,51,3,10233.34,3,3,2,8,Occasional
CUST-00302,51,1,734.72,3,1,1,5,At Risk
CUST-00303,90,1,2201.52,2,1,1,4,At Risk
CUST-00304,51,2,3503.59,3,2,1,6,Occasional
CUST-00305,27,4,6691.299999999999,4,4,2,10,Growing
CUST-00306,1,3,11108.53,4,3,3,10,Growing
CUST-00307,27,1,1421.12,4,1,1,6,Occasional
CUST-00308,90,2,19395.449999999997,2,2,4,8,Occasional
CUST-00310,90,4,17505.61,2,4,3,9,Growing
CUST-00311,1,2,49963.01,4,2,4,10,Growing
CUST-00312,1,3,12579.76,4,3,3,10,Growing
CUST-00313,27,3,6384.75,4,3,2,9,Growing
CUST-00314,51,2,3252.52,3,2,1,6,Occasional
CUST-00315,51,2,5909.43,3,2,2,7,Occasional
CUST-00316,1,3,14279.83,4,3,3,10,Growing
CUST-00317,1,5,23281.809999999998,4,4,4,12,Champions
CUST-00318,153,2,8550.02,2,2,2,6,Occasional
CUST-00319,1,5,17661.54,4,4,3,11,Champions
CUST-00320,246,1,4039.09,1,1,1,3,At Risk
CUST-00321,295,1,2987.88,1,1,1,3,At Risk
CUST-00322,1,1,12045.35,4,1,3,8,Occasional
CUST-00323,27,6,15615.67,4,4,3,11,Champions
CUST-00325,246,1,5970.87,1,1,2,4,At Risk
CUST-00326,178,2,11290.37,1,2,3,6,Occasional
CUST-00327,153,2,12271.24,2,2,3,7,Occasional
CUST-00328,295,1,4424.5,1,1,1,3,At Risk
CUST-00329,27,2,8454.83,4,2,2,8,Occasional
CUST-00330,269,2,4791.61,1,2,1,4,At Risk
CUST-00332,223,1,475.46,1,1,1,3,At Risk
CUST-00333,246,1,956.94,1,1,1,3,At Risk
CUST-00335,27,1,2609.64,4,1,1,6,Occasional
CUST-00336,246,1,554.53,1,1,1,3,At Risk
CUST-00337,246,2,3778.55,1,2,1,4,At Risk
CUST-00338,51,2,2330.38,3,2,1,6,Occasional
CUST-00339,115,2,14167.279999999999,2,2,3,7,Occasional
CUST-00340,1,4,33872.18,4,4,4,12,Champions
CUST-00341,27,2,11777.439999999999,4,2,3,9,Growing
CUST-00342,1,3,24011.93,4,3,4,11,Champions
CUST-00343,1,4,7589.0,4,4,2,10,Growing
CUST-00344,1,3,11274.759999999998,4,3,3,10,Growing
CUST-00345,178,2,11649.75,1,2,3,6,Occasional
CUST-00346,90,3,13519.4,2,3,3,8,Occasional
CUST-00347,1,3,24194.02,4,3,4,11,Champions
CUST-00349,27,4,13407.05,4,4,3,11,Champions
CUST-00350,1,3,20292.33,4,3,4,11,Champions
CUST-00352,51,2,4175.9400000000005,3,2,1,6,Occasional
CUST-00354,223,1,577.07,1,1,1,3,At Risk
CUST-00355,115,1,6203.31,2,1,2,5,At Risk
CUST-00356,90,4,18221.51,2,4,3,9,Growing
CUST-00357,269,1,3938.56,1,1,1,3,At Risk
CUST-00358,1,3,42638.21,4,3,4,11,Champions
CUST-00360,27,3,17840.14,4,3,3,10,Growing
CUST-00361,115,1,1456.0,2,1,1,4,At Risk
CUST-00362,51,2,1474.81,3,2,1,6,Occasional
CUST-00364,202,2,3658.42,1,2,1,4,At Risk
CUST-00365,1,1,4187.51,4,1,1,6,Occasional
CUST-00366,1,3,30594.019999999997,4,3,4,11,Champions
CUST-00367,1,5,26970.65,4,4,4,12,Champions
CUST-00368,90,5,45692.49999999999,2,4,4,10,Growing
CUST-00369,1,3,34601.9,4,3,4,11,Champions
CUST-00370,153,2,19195.24,2,2,4,8,Occasional
CUST-00371,178,3,12536.369999999999,1,3,3,7,Occasional
CUST-00372,1,4,18992.79,4,4,3,11,Champions
CUST-00373,1,3,38778.39,4,3,4,11,Champions
CUST-00375,202,1,2986.05,1,1,1,3,At Risk
CUST-00376,27,2,10484.55,4,2,3,9,Growing
CUST-00377,246,2,2197.63,1,2,1,4,At Risk
CUST-00378,246,2,6388.349999999999,1,2,2,5,At Risk
CUST-00379,153,2,7113.09,2,2,2,6,Occasional
CUST-00380,90,2,9863.23,2,2,2,6,Occasional
CUST-00381,178,2,13198.89,1,2,3,6,Occasional
CUST-00382,27,1,6344.85,4,1,2,7,Occasional
CUST-00383,115,3,24704.600000000002,2,3,4,9,Growing
CUST-00384,51,1,104.59,3,1,1,5,At Risk
CUST-00385,1,5,38823.54,4,4,4,12,Champions
CUST-00386,51,3,13288.44,3,3,3,9,Growing
CUST-00387,223,1,1550.98,1,1,1,3,At Risk
CUST-00388,27,4,14926.24,4,4,3,11,Champions
CUST-00389,51,3,9578.2,3,3,2,8,Occasional
CUST-00390,90,1,1305.63,2,1,1,4,At Risk
CUST-00391,246,2,11346.0,1,2,3,6,Occasional
CUST-00393,51,2,9352.93,3,2,2,7,Occasional
CUST-00394,178,4,30221.89,1,4,4,9,Growing
CUST-00395,202,2,6420.18,1,2,2,5,At Risk
CUST-00396,1,3,13388.98,4,3,3,10,Growing
CUST-00397,51,2,2627.84,3,2,1,6,Occasional
CUST-00398,1,1,6740.45,4,1,2,7,Occasional
CUST-00399,223,1,216.15,1,1,1,3,At Risk
CUST-00400,27,2,9250.029999999999,4,2,2,8,Occasional
CUST-00401,295,1,13345.48,1,1,3,5,At Risk
CUST-00402,269,1,2547.16,1,1,1,3,At Risk
CUST-00403,51,4,9409.279999999999,3,4,2,9,Growing
CUST-00404,1,3,34767.1,4,3,4,11,Champions
CUST-00405,27,5,37683.54,4,4,4,12,Champions
CUST-00406,202,1,6895.75,1,1,2,4,At Risk
CUST-00407,115,2,10211.619999999999,2,2,2,6,Occasional
CUST-00408,153,1,15950.4,2,1,3,6,Occasional
CUST-00409,51,3,6686.57,3,3,2,8,Occasional
CUST-00410,51,5,22800.09,3,4,4,11,Champions
CUST-00411,1,3,17221.79,4,3,3,10,Growing
CUST-00412,115,2,10015.67,2,2,2,6,Occasional
CUST-00413,153,2,4897.780000000001,2,2,1,5,At Risk
CUST-00414,178,1,5758.37,1,1,2,4,At Risk
CUST-00415,90,2,21904.32,2,2,4,8,Occasional
CUST-00416,295,1,3309.83,1,1,1,3,At Risk
CUST-00417,178,4,11033.279999999999,1,4,3,8,Occasional
CUST-00418,1,3,19749.22,4,3,4,11,Champions
CUST-00420,27,4,10553.05,4,4,3,11,Champions
CUST-00422,27,2,8668.15,4,2,2,8,Occasional
CUST-00423,115,3,9308.3,2,3,2,7,Occasional
CUST-00424,90,3,8160.26,2,3,2,7,Occasional
CUST-00425,27,3,7800.94,4,3,2,9,Growing
CUST-00426,115,5,34942.85,2,4,4,10,Growing
CUST-00427,178,2,15417.77,1,2,3,6,Occasional
CUST-00428,223,1,507.98,1,1,1,3,At Risk
CUST-00429,1,2,21590.309999999998,4,2,4,10,Growing
CUST-00430,90,3,11135.3,2,3,3,8,Occasional
CUST-00431,153,2,22825.629999999997,2,2,4,8,Occasional
CUST-00432,51,5,16297.96,3,4,3,10,Growing
CUST-00433,1,2,8367.210000000001,4,2,2,8,Occasional
CUST-00434,51,2,1349.82,3,2,1,6,Occasional
CUST-00435,246,1,932.52,1,1,1,3,At Risk
CUST-00436,115,1,8146.33,2,1,2,5,At Risk
CUST-00437,1,1,7011.17,4,1,2,7,Occasional
CUST-00438,51,2,8913.06,3,2,2,7,Occasional
CUST-00439,27,4,20105.77,4,4,4,12,Champions
CUST-00440,223,2,8547.12,1,2,2,5,At Risk
CUST-00442,90,3,17822.239999999998,2,3,3,8,Occasional
CUST-00444,1,2,11288.79,4,2,3,9,Growing
CUST-00445,1,2,26229.86,4,2,4,10,Growing
CUST-00446,153,5,31231.46,2,4,4,10,Growing
CUST-00447,178,3,50649.56,1,3,4,8,Occasional
CUST-00448,223,2,4096.08,1,2,1,4,At Risk
CUST-00449,1,1,7578.05,4,1,2,7,Occasional
CUST-00450,27,3,31570.57,4,3,4,11,Champions
CUST-00451,178,1,5937.41,1,1,2,4,At Risk
CUST-00452,90,3,16473.29,2,3,3,8,Occasional
CUST-00454,1,1,5751.89,4,1,2,7,Occasional
CUST-00455,27,3,5505.49,4,3,2,9,Growing
CUST-00456,90,3,9462.05,2,3,2,7,Occasional
CUST-00457,153,3,16902.21,2,3,3,8,Occasional
CUST-00458,51,4,15800.609999999999,3,4,3,10,Growing
CUST-00459,153,2,21131.33,2,2,4,8,Occasional
CUST-00460,223,1,654.92,1,1,1,3,At Risk
CUST-00461,1,4,46584.46,4,4,4,12,Champions
CUST-00462,27,3,8276.59,4,3,2,9,Growing
CUST-00463,1,2,14301.89,4,2,3,9,Growing
CUST-00464,269,1,2789.39,1,1,1,3,At Risk
CUST-00465,27,2,38873.22,4,2,4,10,Growing
CUST-00466,1,2,2924.25,4,2,1,7,Occasional
CUST-00467,90,4,12984.2,2,4,3,9,Growing
CUST-00468,1,4,22144.35,4,4,4,12,Champions
CUST-00469,1,4,27146.08,4,4,4,12,Champions
CUST-00470,27,1,7962.58,4,1,2,7,Occasional
CUST-00471,90,1,2097.44,2,1,1,4,At Risk
CUST-00472,153,3,19623.7,2,3,4,9,Growing
CUST-00473,27,5,8754.29,4,4,2,10,Growing
CUST-00474,51,2,2107.54,3,2,1,6,Occasional
CUST-00475,27,2,18250.49,4,2,3,9,Growing
CUST-00476,202,1,7051.23,1,1,2,4,At Risk
CUST-00477,51,2,4623.13,3,2,1,6,Occasional
CUST-00478,178,2,29682.6,1,2,4,7,Occasional
CUST-00479,1,4,34393.12,4,4,4,12,Champions
CUST-00480,27,2,5781.46,4,2,2,8,Occasional
CUST-00481,90,2,2908.8199999999997,2,2,1,5,At Risk
CUST-00482,90,3,11504.32,2,3,3,8,Occasional
CUST-00484,1,3,22532.15,4,3,4,11,Champions
CUST-00485,27,3,21976.61,4,3,4,11,Champions
CUST-00486,246,2,10573.21,1,2,3,6,Occasional
CUST-00487,51,2,3123.84,3,2,1,6,Occasional
CUST-00488,153,2,7354.69,2,2,2,6,Occasional
CUST-00489,27,3,9181.81,4,3,2,9,Growing
CUST-00490,1,2,42439.4,4,2,4,10,Growing
CUST-00491,90,2,3452.82,2,2,1,5,At Risk
CUST-00492,223,1,4553.7300000000005,1,1,1,3,At Risk
CUST-00493,90,3,10643.75,2,3,3,8,Occasional
CUST-00494,90,3,7481.13,2,3,2,7,Occasional
CUST-00495,27,4,11060.64,4,4,3,11,Champions
CUST-00496,27,1,736.82,4,1,1,6,Occasional
CUST-00497,27,6,41705.61,4,4,4,12,Champions
CUST-00498,51,1,1057.34,3,1,1,5,At Risk
CUST-00499,202,3,8742.38,1,3,2,6,Occasional
CUST-00500,1,3,21234.94,4,3,4,11,Champions
CUST-00501,27,2,15717.189999999999,4,2,3,9,Growing
CUST-00502,90,5,37919.009999999995,2,4,4,10,Growing
CUST-00503,27,3,18290.75,4,3,3,10,Growing
CUST-00504,1,2,30725.949999999997,4,2,4,10,Growing
CUST-00505,51,1,276.14,3,1,1,5,At Risk
CUST-00506,27,3,8258.92,4,3,2,9,Growing
CUST-00507,115,3,9481.2,2,3,2,7,Occasional
CUST-00508,115,2,11642.86,2,2,3,7,Occasional
CUST-00510,51,1,537.63,3,1,1,5,At Risk
CUST-00511,153,2,16236.34,2,2,3,7,Occasional
CUST-00513,27,5,30865.15,4,4,4,12,Champions
CUST-00514,1,2,12849.54,4,2,3,9,Growing
CUST-00515,1,3,9588.98,4,3,2,9,Growing
CUST-00517,153,1,1252.58,2,1,1,4,At Risk
CUST-00518,178,3,42753.1,1,3,4,8,Occasional
CUST-00519,202,2,3614.8199999999997,1,2,1,4,At Risk
CUST-00520,202,1,1889.05,1,1,1,3,At Risk
CUST-00521,27,5,21789.43,4,4,4,12,Champions
CUST-00523,115,2,9298.7,2,2,2,6,Occasional
CUST-00524,1,7,46350.93,4,4,4,12,Champions
CUST-00525,1,1,6654.53,4,1,2,7,Occasional
CUST-00526,115,3,8828.67,2,3,2,7,Occasional
CUST-00527,115,4,23105.010000000002,2,4,4,10,Growing
CUST-00528,51,2,11899.87,3,2,3,8,Occasional
CUST-00529,202,3,10043.73,1,3,2,6,Occasional
CUST-00530,51,3,8700.23,3,3,2,8,Occasional
CUST-00531,1,5,23363.12,4,4,4,12,Champions
CUST-00532,27,3,9591.26,4,3,2,9,Growing
CUST-00533,90,3,12512.07,2,3,3,8,Occasional
CUST-00534,27,1,708.08,4,1,1,6,Occasional
CUST-00535,153,5,21594.22,2,4,4,10,Growing
CUST-00536,1,2,24740.09,4,2,4,10,Growing
CUST-00537,202,1,1491.51,1,1,1,3,At Risk
CUST-00538,27,4,23738.31,4,4,4,12,Champions
CUST-00539,115,2,19669.43,2,2,4,8,Occasional
CUST-00540,1,2,7988.89,4,2,2,8,Occasional
CUST-00541,51,3,9244.79,3,3,2,8,Occasional
CUST-00542,1,2,10621.8,4,2,3,9,Growing
CUST-00543,51,4,33362.18,3,4,4,11,Champions
CUST-00544,115,3,23492.920000000002,2,3,4,9,Growing
CUST-00545,27,2,8140.790000000001,4,2,2,8,Occasional
CUST-00547,1,5,35210.7,4,4,4,12,Champions
CUST-00548,1,3,11213.19,4,3,3,10,Growing
CUST-00550,153,2,11386.27,2,2,3,7,Occasional
CUST-00551,27,5,9309.529999999999,4,4,2,10,Growing
CUST-00552,27,3,8788.09,4,3,2,9,Growing
CUST-00553,178,3,10836.490000000002,1,3,3,7,Occasional
CUST-00554,1,3,18511.489999999998,4,3,3,10,Growing
CUST-00555,295,1,10525.02,1,1,3,5,At Risk
CUST-00558,90,3,2879.3999999999996,2,3,1,6,Occasional
CUST-00559,115,3,25778.18,2,3,4,9,Growing
CUST-00560,1,3,11461.029999999999,4,3,3,10,Growing
CUST-00561,90,2,12022.119999999999,2,2,3,7,Occasional
CUST-00562,1,5,34361.44,4,4,4,12,Champions
CUST-00563,223,2,5117.41,1,2,2,5,At Risk
CUST-00564,1,3,30135.019999999997,4,3,4,11,Champions
CUST-00565,178,2,11585.54,1,2,3,6,Occasional
CUST-00566,1,3,25511.85,4,3,4,11,Champions
CUST-00567,1,4,16470.46,4,4,3,11,Champions
CUST-00568,27,2,2485.88,4,2,1,7,Occasional
CUST-00569,27,2,6163.05,4,2,2,8,Occasional
CUST-00570,1,3,25426.22,4,3,4,11,Champions
CUST-00571,1,2,36116.96,4,2,4,10,Growing
CUST-00572,246,1,2017.9,1,1,1,3,At Risk
CUST-00573,27,3,8070.84,4,3,2,9,Growing
CUST-00574,115,3,4964.54,2,3,2,7,Occasional
CUST-00575,1,5,27391.48,4,4,4,12,Champions
CUST-00577,27,2,7767.07,4,2,2,8,Occasional
CUST-00578,295,1,3788.49,1,1,1,3,At Risk
CUST-00579,51,2,3557.9900000000002,3,2,1,6,Occasional
CUST-00580,51,4,21614.19,3,4,4,11,Champions
CUST-00581,246,1,4928.51,1,1,2,4,At Risk
CUST-00582,153,6,27425.309999999998,2,4,4,10,Growing
CUST-00584,27,3,6439.72,4,3,2,9,Growing
CUST-00586,1,2,12372.029999999999,4,2,3,9,Growing
CUST-00587,90,5,31656.67,2,4,4,10,Growing
CUST-00588,1,3,40315.060000000005,4,3,4,11,Champions
CUST-00589,1,3,31953.230000000003,4,3,4,11,Champions
CUST-00590,90,2,5691.39,2,2,2,6,Occasional
CUST-00592,1,2,18481.47,4,2,3,9,Growing
CUST-00593,1,3,24527.14,4,3,4,11,Champions
CUST-00594,1,1,37681.32,4,1,4,9,Growing
CUST-00595,202,3,11106.82,1,3,3,7,Occasional
CUST-00596,27,2,2558.0099999999998,4,2,1,7,Occasional
CUST-00597,27,2,14188.67,4,2,3,9,Growing
CUST-00598,115,3,16076.35,2,3,3,8,Occasional
CUST-00599,51,4,25518.0,3,4,4,11,Champions
CUST-00600,202,1,10939.470000000001,1,1,3,5,At Risk
CUST-00601,51,3,7156.54,3,3,2,8,Occasional
CUST-00602,90,3,18170.75,2,3,3,8,Occasional
CUST-00603,51,3,19220.13,3,3,4,10,Growing
CUST-00604,153,2,13400.779999999999,2,2,3,7,Occasional
CUST-00605,51,2,2646.99,3,2,1,6,Occasional
CUST-00606,1,2,4690.81,4,2,1,7,Occasional
CUST-00607,1,3,12959.13,4,3,3,10,Growing
CUST-00608,27,3,26651.9,4,3,4,11,Champions
CUST-00609,27,2,4481.72,4,2,1,7,Occasional
CUST-00610,223,2,3625.44,1,2,1,4,At Risk
CUST-00611,90,2,16686.989999999998,2,2,3,7,Occasional
CUST-00612,115,2,16016.170000000002,2,2,3,7,Occasional
CUST-00614,153,4,33188.36,2,4,4,10,Growing
CUST-00615,1,2,37532.479999999996,4,2,4,10,Growing
CUST-00618,202,2,4311.58,1,2,1,4,At Risk
CUST-00619,27,3,9146.99,4,3,2,9,Growing
CUST-00620,27,1,12756.66,4,1,3,8,Occasional
CUST-00621,178,2,5794.049999999999,1,2,2,5,At Risk
CUST-00622,27,7,33883.94,4,4,4,12,Champions
CUST-00623,1,2,18782.670000000002,4,2,3,9,Growing
CUST-00624,115,4,21588.6,2,4,4,10,Growing
CUST-00626,90,2,4593.11,2,2,1,5,At Risk
CUST-00627,153,2,6154.91,2,2,2,6,Occasional
CUST-00628,153,2,14627.9,2,2,3,7,Occasional
CUST-00629,115,4,11555.69,2,4,3,9,Growing
CUST-00630,269,1,2287.52,1,1,1,3,At Risk
CUST-00631,90,4,14295.19,2,4,3,9,Growing
CUST-00632,115,1,1015.97,2,1,1,4,At Risk
CUST-00633,90,2,2366.84,2,2,1,5,At Risk
CUST-00634,1,2,14780.34,4,2,3,9,Growing
CUST-00635,115,3,20308.93,2,3,4,9,Growing
CUST-00636,115,1,1744.57,2,1,1,4,At Risk
CUST-00637,1,2,6499.33,4,2,2,8,Occasional
CUST-00638,202,2,2196.5099999999998,1,2,1,4,At Risk
CUST-00639,153,1,7178.05,2,1,2,5,At Risk
CUST-00640,153,3,16386.309999999998,2,3,3,8,Occasional
CUST-00641,1,1,32983.11,4,1,4,9,Growing
CUST-00642,27,3,7728.75,4,3,2,9,Growing
CUST-00643,178,1,33821.899999999994,1,1,4,6,Occasional
CUST-00644,223,1,527.62,1,1,1,3,At Risk
CUST-00645,27,2,11429.580000000002,4,2,3,9,Growing
CUST-00646,1,4,13609.45,4,4,3,11,Champions
CUST-00647,27,3,67199.66,4,3,4,11,Champions
CUST-00648,90,4,20228.62,2,4,4,10,Growing
CUST-00649,115,1,1683.02,2,1,1,4,At Risk
CUST-00650,1,3,24697.090000000004,4,3,4,11,Champions
CUST-00651,153,1,9116.21,2,1,2,5,At Risk
CUST-00652,27,2,6253.91,4,2,2,8,Occasional
CUST-00654,246,2,6890.070000000001,1,2,2,5,At Risk
CUST-00655,51,2,2602.72,3,2,1,6,Occasional
CUST-00656,90,2,9086.05,2,2,2,6,Occasional
CUST-00657,51,2,4193.51,3,2,1,6,Occasional
CUST-00658,51,5,17401.74,3,4,3,10,Growing
CUST-00659,153,1,16276.6,2,1,3,6,Occasional
CUST-00661,1,3,6947.58,4,3,2,9,Growing
CUST-00662,90,3,9895.55,2,3,2,7,Occasional
CUST-00663,115,1,4187.98,2,1,1,4,At Risk
CUST-00664,90,4,23665.33,2,4,4,10,Growing
CUST-00665,178,1,5896.28,1,1,2,4,At Risk
CUST-00666,202,3,16876.15,1,3,3,7,Occasional
CUST-00667,295,1,10339.94,1,1,2,4,At Risk
CUST-00668,223,1,303.02,1,1,1,3,At Risk
CUST-00669,1,3,34790.1,4,3,4,11,Champions
CUST-00670,27,1,3197.71,4,1,1,6,Occasional
CUST-00671,27,4,30287.010000000002,4,4,4,12,Champions
CUST-00672,51,2,6377.72,3,2,2,7,Occasional
CUST-00673,153,3,23434.21,2,3,4,9,Growing
CUST-00674,51,6,15341.43,3,4,3,10,Growing
CUST-00675,246,1,738.11,1,1,1,3,At Risk
CUST-00676,51,3,8209.55,3,3,2,8,Occasional
CUST-00677,153,2,11111.23,2,2,3,7,Occasional
CUST-00678,51,2,4798.41,3,2,1,6,Occasional
CUST-00679,202,1,1075.6,1,1,1,3,At Risk
CUST-00680,51,3,9852.82,3,3,2,8,Occasional
CUST-00681,1,2,9092.11,4,2,2,8,Occasional
CUST-00682,246,1,1015.06,1,1,1,3,At Risk
CUST-00683,1,2,18903.12,4,2,3,9,Growing
CUST-00684,202,2,13547.57,1,2,3,6,Occasional
CUST-00685,51,2,2815.4,3,2,1,6,Occasional
CUST-00686,27,3,9335.539999999999,4,3,2,9,Growing
CUST-00687,1,2,29799.45,4,2,4,10,Growing
CUST-00688,178,1,15682.35,1,1,3,5,At Risk
CUST-00691,1,1,43327.44,4,1,4,9,Growing
CUST-00693,178,1,11798.14,1,1,3,5,At Risk
CUST-00694,153,3,16727.65,2,3,3,8,Occasional
CUST-00695,115,3,10648.55,2,3,3,8,Occasional
CUST-00696,115,5,27390.57,2,4,4,10,Growing
CUST-00697,27,1,7979.82,4,1,2,7,Occasional
CUST-00698,115,2,9007.89,2,2,2,6,Occasional
CUST-00699,51,4,16746.27,3,4,3,10,Growing
CUST-00700,90,3,11216.03,2,3,3,8,Occasional
CUST-00701,51,2,11240.539999999999,3,2,3,8,Occasional
CUST-00702,178,3,12105.86,1,3,3,7,Occasional
CUST-00703,51,4,42314.13,3,4,4,11,Champions
CUST-00704,153,2,3653.4799999999996,2,2,1,5,At Risk
CUST-00705,178,1,3620.35,1,1,1,3,At Risk
CUST-00706,223,1,1040.12,1,1,1,3,At Risk
CUST-00707,295,1,2151.57,1,1,1,3,At Risk
CUST-00708,153,3,10176.27,2,3,2,7,Occasional
CUST-00709,51,2,4022.27,3,2,1,6,Occasional
CUST-00710,90,3,15682.45,2,3,3,8,Occasional
CUST-00712,90,2,7809.400000000001,2,2,2,6,Occasional
CUST-00713,115,1,3370.85,2,1,1,4,At Risk
CUST-00714,202,3,9937.25,1,3,2,6,Occasional
CUST-00715,1,4,18975.34,4,4,3,11,Champions
CUST-00716,178,1,7637.43,1,1,2,4,At Risk
CUST-00717,178,2,18192.96,1,2,3,6,Occasional
CUST-00718,27,3,8139.51,4,3,2,9,Growing
CUST-00719,202,3,19054.309999999998,1,3,4,8,Occasional
CUST-00720,246,1,2280.02,1,1,1,3,At Risk
CUST-00721,51,3,15012.970000000001,3,3,3,9,Growing
CUST-00722,178,2,8550.130000000001,1,2,2,5,At Risk
CUST-00723,51,5,25915.47,3,4,4,11,Champions
CUST-00724,90,2,6230.79,2,2,2,6,Occasional
CUST-00725,115,2,5202.8099999999995,2,2,2,6,Occasional
CUST-00726,115,1,3564.09,2,1,1,4,At Risk
CUST-00727,269,1,2249.16,1,1,1,3,At Risk
CUST-00728,27,2,9517.43,4,2,2,8,Occasional
CUST-00729,1,1,31352.870000000003,4,1,4,9,Growing
CUST-00730,27,1,1268.22,4,1,1,6,Occasional
CUST-00732,51,2,10684.02,3,2,3,8,Occasional
CUST-00733,1,4,49592.56,4,4,4,12,Champions
CUST-00734,269,1,7968.6,1,1,2,4,At Risk
CUST-00735,1,3,42267.16,4,3,4,11,Champions
CUST-00736,1,4,19398.93,4,4,4,12,Champions
CUST-00737,115,1,1519.03,2,1,1,4,At Risk
CUST-00738,1,1,20964.94,4,1,4,9,Growing
CUST-00739,223,1,1440.68,1,1,1,3,At Risk
CUST-00740,1,3,30921.57,4,3,4,11,Champions
CUST-00741,27,3,12807.619999999999,4,3,3,10,Growing
CUST-00744,1,1,10626.34,4,1,3,8,Occasional
CUST-00746,27,4,10368.279999999999,4,4,3,11,Champions
CUST-00747,90,1,2369.36,2,1,1,4,At Risk
CUST-00748,27,2,10157.95,4,2,2,8,Occasional
CUST-00749,1,3,10720.810000000001,4,3,3,10,Growing
CUST-00750,51,3,6660.2,3,3,2,8,Occasional
CUST-00752,153,1,2263.4,2,1,1,4,At Risk
CUST-00753,1,1,7567.02,4,1,2,7,Occasional
CUST-00754,51,2,3243.6299999999997,3,2,1,6,Occasional
CUST-00755,202,1,4384.15,1,1,1,3,At Risk
CUST-00756,115,2,24729.27,2,2,4,8,Occasional
CUST-00757,1,4,20442.24,4,4,4,12,Champions
CUST-00758,115,3,4448.34,2,3,1,6,Occasional
CUST-00759,27,3,31900.38,4,3,4,11,Champions
CUST-00760,115,2,15342.699999999999,2,2,3,7,Occasional
CUST-00761,153,3,27800.33,2,3,4,9,Growing
CUST-00762,51,1,599.86,3,1,1,5,At Risk
CUST-00763,246,1,3182.29,1,1,1,3,At Risk
CUST-00764,246,1,686.17,1,1,1,3,At Risk
CUST-00765,27,3,5377.73,4,3,2,9,Growing
CUST-00766,1,5,33373.19,4,4,4,12,Champions
CUST-00767,115,3,12978.35,2,3,3,8,Occasional
CUST-00768,51,1,649.06,3,1,1,5,At Risk
CUST-00770,223,1,1753.63,1,1,1,3,At Risk
CUST-00771,27,1,8505.96,4,1,2,7,Occasional
CUST-00772,90,1,1356.91,2,1,1,4,At Risk
CUST-00773,269,2,10661.130000000001,1,2,3,6,Occasional
CUST-00774,1,4,50761.11,4,4,4,12,Champions
CUST-00775,51,3,11236.349999999999,3,3,3,9,Growing
CUST-00776,1,4,33937.9,4,4,4,12,Champions
CUST-00777,178,1,7046.03,1,1,2,4,At Risk
CUST-00778,1,3,24068.73,4,3,4,11,Champions
CUST-00779,295,1,13055.75,1,1,3,5,At Risk
CUST-00780,51,1,917.07,3,1,1,5,At Risk
CUST-00781,269,1,4144.81,1,1,1,3,At Risk
CUST-00782,51,3,16390.1,3,3,3,9,Growing
CUST-00783,1,4,53729.16,4,4,4,12,Champions
CUST-00784,27,3,20256.239999999998,4,3,4,11,Champions
CUST-00785,27,2,3936.3900000000003,4,2,1,7,Occasional
CUST-00786,153,2,18087.32,2,2,3,7,Occasional
CUST-00787,1,4,46319.52,4,4,4,12,Champions
CUST-00788,1,1,5943.51,4,1,2,7,Occasional
CUST-00789,1,3,9929.64,4,3,2,9,Growing
CUST-00792,178,2,28301.32,1,2,4,7,Occasional
CUST-00793,27,2,6579.759999999999,4,2,2,8,Occasional
CUST-00794,1,3,11806.11,4,3,3,10,Growing
CUST-00795,90,3,16709.84,2,3,3,8,Occasional
CUST-00796,115,2,6431.06,2,2,2,6,Occasional
CUST-00797,115,4,29567.83,2,4,4,10,Growing
CUST-00798,269,2,17657.61,1,2,3,6,Occasional
CUST-00799,115,4,24040.36,2,4,4,10,Growing
CUST-00800,223,1,289.66,1,1,1,3,At Risk
CUST-00801,51,3,25348.329999999998,3,3,4,10,Growing
CUST-00802,90,2,9968.390000000001,2,2,2,6,Occasional
CUST-00803,51,2,16933.690000000002,3,2,3,8,Occasional
CUST-00804,1,3,26229.55,4,3,4,11,Champions
CUST-00805,90,2,6818.42,2,2,2,6,Occasional
CUST-00806,51,2,7283.73,3,2,2,7,Occasional
CUST-00807,1,4,20746.39,4,4,4,12,Champions
CUST-00808,51,3,10374.96,3,3,3,9,Growing
CUST-00809,1,1,30691.14,4,1,4,9,Growing
CUST-00810,1,3,14689.61,4,3,3,10,Growing
CUST-00811,27,2,3733.9700000000003,4,2,1,7,Occasional
CUST-00812,27,5,33361.76,4,4,4,12,Champions
CUST-00813,90,1,794.72,2,1,1,4,At Risk
CUST-00814,178,2,13371.51,1,2,3,6,Occasional
CUST-00815,51,2,8278.7,3,2,2,7,Occasional
CUST-00816,115,3,9268.0,2,3,2,7,Occasional
CUST-00817,178,2,37260.35999999999,1,2,4,7,Occasional
CUST-00818,1,7,30176.09,4,4,4,12,Champions
CUST-00820,51,4,28480.55,3,4,4,11,Champions
CUST-00821,1,2,6300.14,4,2,2,8,Occasional
CUST-00822,27,3,31820.769999999997,4,3,4,11,Champions
CUST-00823,51,3,5781.03,3,3,2,8,Occasional
CUST-00825,90,4,31739.989999999998,2,4,4,10,Growing
CUST-00826,51,3,3659.7300000000005,3,3,1,7,Occasional
CUST-00827,51,3,13771.84,3,3,3,9,Growing
CUST-00828,115,1,1636.38,2,1,1,4,At Risk
CUST-00829,27,3,23800.18,4,3,4,11,Champions
CUST-00830,202,2,23224.06,1,2,4,7,Occasional
CUST-00831,1,3,12861.49,4,3,3,10,Growing
CUST-00832,51,2,14799.01,3,2,3,8,Occasional
CUST-00833,1,3,20417.42,4,3,4,11,Champions
CUST-00834,1,3,14380.08,4,3,3,10,Growing
CUST-00835,1,2,6148.67,4,2,2,8,Occasional
CUST-00836,246,3,9141.21,1,3,2,6,Occasional
CUST-00837,90,1,8409.83,2,1,2,5,At Risk
CUST-00838,51,1,1945.43,3,1,1,5,At Risk
CUST-00839,51,2,16595.59,3,2,3,8,Occasional
CUST-00840,202,2,10807.66,1,2,3,6,Occasional
CUST-00841,1,2,9196.17,4,2,2,8,Occasional
CUST-00842,27,3,9937.0,4,3,2,9,Growing
CUST-00843,115,1,18813.2,2,1,3,6,Occasional
CUST-00844,178,3,20040.19,1,3,4,8,Occasional
CUST-00845,295,1,14437.98,1,1,3,5,At Risk
CUST-00846,27,6,25461.22,4,4,4,12,Champions
CUST-00847,51,2,1871.07,3,2,1,6,Occasional
CUST-00848,202,2,5977.69,1,2,2,5,At Risk
CUST-00849,115,4,16170.84,2,4,3,9,Growing
CUST-00850,1,3,13944.369999999999,4,3,3,10,Growing
CUST-00851,27,2,5227.18,4,2,2,8,Occasional
CUST-00852,178,2,9615.02,1,2,2,5,At Risk
CUST-00853,115,3,18653.6,2,3,3,8,Occasional
CUST-00854,27,2,12616.74,4,2,3,9,Growing
CUST-00856,269,1,2612.37,1,1,1,3,At Risk
CUST-00857,115,3,7395.719999999999,2,3,2,7,Occasional
CUST-00858,27,6,30586.5,4,4,4,12,Champions
CUST-00859,90,1,2251.36,2,1,1,4,At Risk
CUST-00860,27,1,6771.39,4,1,2,7,Occasional
CUST-00861,178,2,8055.13,1,2,2,5,At Risk
CUST-00862,115,2,19406.29,2,2,4,8,Occasional
CUST-00863,1,3,18250.78,4,3,3,10,Growing
CUST-00864,90,4,28232.989999999998,2,4,4,10,Growing
CUST-00865,27,1,5001.99,4,1,2,7,Occasional
CUST-00866,1,4,26690.96,4,4,4,12,Champions
CUST-00867,153,2,13416.130000000001,2,2,3,7,Occasional
CUST-00868,178,2,19135.74,1,2,4,7,Occasional
CUST-00869,27,2,11530.92,4,2,3,9,Growing
CUST-00870,202,1,524.57,1,1,1,3,At Risk
CUST-00872,27,3,3498.92,4,3,1,8,Occasional
CUST-00873,51,3,8531.32,3,3,2,8,Occasional
CUST-00874,51,2,2745.79,3,2,1,6,Occasional
CUST-00875,27,2,9850.98,4,2,2,8,Occasional
CUST-00876,51,4,16067.49,3,4,3,10,Growing
CUST-00877,202,2,9003.179999999998,1,2,2,5,At Risk
CUST-00878,269,1,4105.34,1,1,1,3,At Risk
CUST-00879,51,6,14158.89,3,4,3,10,Growing
CUST-00880,115,3,6626.43,2,3,2,7,Occasional
CUST-00881,223,2,4076.29,1,2,1,4,At Risk
CUST-00882,223,1,3416.37,1,1,1,3,At Risk
CUST-00883,51,2,2714.7799999999997,3,2,1,6,Occasional
CUST-00884,27,3,21600.44,4,3,4,11,Champions
CUST-00885,115,2,10026.77,2,2,2,6,Occasional
CUST-00886,90,2,15112.06,2,2,3,7,Occasional
CUST-00887,202,1,9800.3,1,1,2,4,At Risk
CUST-00888,246,1,1656.53,1,1,1,3,At Risk
CUST-00889,178,2,15926.52,1,2,3,6,Occasional
CUST-00890,202,2,3255.57,1,2,1,4,At Risk
CUST-00891,51,2,861.9000000000001,3,2,1,6,Occasional
CUST-00894,1,4,30099.66,4,4,4,12,Champions
CUST-00895,115,4,22450.02,2,4,4,10,Growing
CUST-00896,51,1,1401.57,3,1,1,5,At Risk
CUST-00897,1,2,7094.320000000001,4,2,2,8,Occasional
CUST-00898,1,4,39891.36,4,4,4,12,Champions
CUST-00899,1,2,13888.58,4,2,3,9,Growing
CUST-00900,223,3,10915.93,1,3,3,7,Occasional
CUST-00901,246,2,18466.21,1,2,3,6,Occasional
CUST-00902,90,3,17174.53,2,3,3,8,Occasional
CUST-00903,1,3,18725.76,4,3,3,10,Growing
CUST-00904,1,5,15416.53,4,4,3,11,Champions
CUST-00905,27,1,8198.69,4,1,2,7,Occasional
CUST-00906,27,2,23907.68,4,2,4,10,Growing
CUST-00907,202,3,17648.78,1,3,3,7,Occasional
CUST-00908,115,3,4828.37,2,3,1,6,Occasional
CUST-00909,27,2,2218.26,4,2,1,7,Occasional
CUST-00910,27,3,9583.96,4,3,2,9,Growing
CUST-00911,202,1,3327.66,1,1,1,3,At Risk
CUST-00912,1,3,7951.37,4,3,2,9,Growing
CUST-00913,1,3,18862.28,4,3,3,10,Growing
CUST-00914,115,1,10302.64,2,1,2,5,At Risk
CUST-00915,153,3,10397.01,2,3,3,8,Occasional
CUST-00916,1,3,31433.36,4,3,4,11,Champions
CUST-00917,178,2,11967.970000000001,1,2,3,6,Occasional
CUST-00918,90,3,9686.300000000001,2,3,2,7,Occasional
CUST-00919,90,1,793.52,2,1,1,4,At Risk
CUST-00921,115,3,15037.24,2,3,3,8,Occasional
CUST-00922,202,1,8713.91,1,1,2,4,At Risk
CUST-00923,1,2,14407.16,4,2,3,9,Growing
CUST-00924,115,2,6408.34,2,2,2,6,Occasional
CUST-00925,153,1,11080.19,2,1,3,6,Occasional
CUST-00926,115,2,5298.209999999999,2,2,2,6,Occasional
CUST-00927,27,6,22568.559999999998,4,4,4,12,Champions
CUST-00928,115,1,5045.69,2,1,2,5,At Risk
CUST-00929,90,2,12145.52,2,2,3,7,Occasional
CUST-00930,269,1,9272.52,1,1,2,4,At Risk
CUST-00931,51,2,14730.829999999998,3,2,3,8,Occasional
CUST-00932,27,3,5771.610000000001,4,3,2,9,Growing
CUST-00934,27,3,8556.08,4,3,2,9,Growing
CUST-00935,90,2,13681.8,2,2,3,7,Occasional
CUST-00936,90,1,4980.46,2,1,2,5,At Risk
CUST-00937,27,2,12366.810000000001,4,2,3,9,Growing
CUST-00938,295,1,2747.3,1,1,1,3,At Risk
CUST-00939,51,3,32052.95,3,3,4,10,Growing
CUST-00940,90,4,16143.79,2,4,3,9,Growing
CUST-00941,51,3,7345.79,3,3,2,8,Occasional
CUST-00942,27,2,2042.6,4,2,1,7,Occasional
CUST-00943,115,2,12080.58,2,2,3,7,Occasional
CUST-00944,115,3,8017.58,2,3,2,7,Occasional
CUST-00945,246,2,13326.960000000001,1,2,3,6,Occasional
CUST-00946,1,2,38056.94,4,2,4,10,Growing
CUST-00947,27,2,5001.75,4,2,2,8,Occasional
CUST-00949,295,1,17408.05,1,1,3,5,At Risk
CUST-00950,153,2,14818.92,2,2,3,7,Occasional
CUST-00951,1,2,14581.599999999999,4,2,3,9,Growing
CUST-00952,1,4,15384.259999999998,4,4,3,11,Champions
CUST-00954,178,2,14343.91,1,2,3,6,Occasional
CUST-00955,51,4,15334.19,3,4,3,10,Growing
CUST-00956,202,2,19503.31,1,2,4,7,Occasional
CUST-00957,51,3,22912.05,3,3,4,10,Growing
CUST-00958,1,5,19873.66,4,4,4,12,Champions
CUST-00959,153,1,2950.91,2,1,1,4,At Risk
CUST-00960,202,3,24388.62,1,3,4,8,Occasional
CUST-00961,115,1,16472.14,2,1,3,6,Occasional
CUST-00962,51,2,3175.08,3,2,1,6,Occasional
CUST-00963,1,3,16274.279999999999,4,3,3,10,Growing
CUST-00964,51,2,10845.51,3,2,3,8,Occasional
CUST-00965,202,2,7445.63,1,2,2,5,At Risk
CUST-00966,1,2,5539.68,4,2,2,8,Occasional
CUST-00967,1,3,9043.41,4,3,2,9,Growing
CUST-00968,51,2,9535.33,3,2,2,7,Occasional
CUST-00969,115,2,11777.599999999999,2,2,3,7,Occasional
CUST-00970,202,3,11812.0,1,3,3,7,Occasional
CUST-00971,202,1,6451.06,1,1,2,4,At Risk
CUST-00972,51,3,15529.17,3,3,3,9,Growing
CUST-00973,27,2,9880.84,4,2,2,8,Occasional
CUST-00974,1,2,27573.239999999998,4,2,4,10,Growing
CUST-00975,51,1,1007.81,3,1,1,5,At Risk
CUST-00976,90,1,3692.32,2,1,1,4,At Risk
CUST-00977,27,3,5312.07,4,3,2,9,Growing
CUST-00978,90,1,1191.5,2,1,1,4,At Risk
CUST-00979,90,2,4446.389999999999,2,2,1,5,At Risk
CUST-00980,51,5,18319.61,3,4,3,10,Growing
CUST-00981,90,2,5546.22,2,2,2,6,Occasional
CUST-00982,1,4,28046.07,4,4,4,12,Champions
CUST-00983,90,4,13838.74,2,4,3,9,Growing
CUST-00984,1,5,42928.020000000004,4,4,4,12,Champions
CUST-00985,90,3,22832.97,2,3,4,9,Growing
CUST-00986,27,4,14048.039999999999,4,4,3,11,Champions
CUST-00987,1,1,8365.24,4,1,2,7,Occasional
CUST-00988,1,4,40113.049999999996,4,4,4,12,Champions
CUST-00989,27,3,12686.400000000001,4,3,3,10,Growing
CUST-00990,27,7,36325.5,4,4,4,12,Champions
CUST-00991,202,2,4940.15,1,2,2,5,At Risk
CUST-00992,269,1,1551.2,1,1,1,3,At Risk
CUST-00993,27,2,8296.73,4,2,2,8,Occasional
CUST-00994,51,1,507.12,3,1,1,5,At Risk
CUST-00995,1,5,37049.45,4,4,4,12,Champions
CUST-00996,153,4,20374.57,2,4,4,10,Growing
CUST-00997,51,4,11273.34,3,4,3,10,Growing
CUST-00998,202,2,14595.25,1,2,3,6,Occasional
CUST-00999,115,2,14858.900000000001,2,2,3,7,Occasional
CUST-01000,1,3,18204.72,4,3,3,10,Growing
CUST-01001,90,2,8555.66,2,2,2,6,Occasional
CUST-01003,178,3,11872.970000000001,1,3,3,7,Occasional
CUST-01004,51,3,10569.380000000001,3,3,3,9,Growing
CUST-01006,27,3,14811.6,4,3,3,10,Growing
CUST-01007,27,2,3945.23,4,2,1,7,Occasional
CUST-01008,269,2,24030.43,1,2,4,7,Occasional
CUST-01010,295,1,3534.69,1,1,1,3,At Risk
CUST-01011,1,1,24637.17,4,1,4,9,Growing
CUST-01012,1,2,11994.89,4,2,3,9,Growing
CUST-01013,269,1,2124.11,1,1,1,3,At Risk
CUST-01014,178,1,3692.78,1,1,1,3,At Risk
CUST-01015,51,1,897.97,3,1,1,5,At Risk
CUST-01016,90,3,7586.4400000000005,2,3,2,7,Occasional
CUST-01017,153,2,9948.560000000001,2,2,2,6,Occasional
CUST-01018,153,3,12025.93,2,3,3,8,Occasional
CUST-01019,90,1,2167.01,2,1,1,4,At Risk
CUST-01020,153,2,13813.79,2,2,3,7,Occasional
CUST-01021,90,2,3776.2599999999998,2,2,1,5,At Risk
CUST-01022,202,3,14224.94,1,3,3,7,Occasional
CUST-01023,202,2,2894.56,1,2,1,4,At Risk
CUST-01024,27,2,6382.5,4,2,2,8,Occasional
CUST-01025,223,1,447.83,1,1,1,3,At Risk
CUST-01027,90,2,40520.270000000004,2,2,4,8,Occasional
CUST-01028,27,4,37444.69,4,4,4,12,Champions
CUST-01029,1,3,9745.9,4,3,2,9,Growing
CUST-01030,1,2,13063.099999999999,4,2,3,9,Growing
CUST-01031,1,2,13803.29,4,2,3,9,Growing
CUST-01032,115,4,18121.64,2,4,3,9,Growing
CUST-01033,27,4,23453.63,4,4,4,12,Champions
CUST-01034,27,2,9798.48,4,2,2,8,Occasional
CUST-01036,1,6,58061.6,4,4,4,12,Champions
CUST-01037,246,1,2589.88,1,1,1,3,At Risk
CUST-01038,27,1,3041.74,4,1,1,6,Occasional
CUST-01039,90,1,3832.52,2,1,1,4,At Risk
CUST-01040,1,5,20954.98,4,4,4,12,Champions
CUST-01041,27,2,3417.63,4,2,1,7,Occasional
CUST-01043,178,2,29824.91,1,2,4,7,Occasional
CUST-01044,223,1,1243.31,1,1,1,3,At Risk
CUST-01047,295,1,1821.27,1,1,1,3,At Risk
CUST-01048,178,2,23938.7,1,2,4,7,Occasional
CUST-01049,115,2,6065.58,2,2,2,6,Occasional
CUST-01050,178,2,8771.17,1,2,2,5,At Risk
CUST-01051,223,2,6259.45,1,2,2,5,At Risk
CUST-01052,1,4,9804.5,4,4,2,10,Growing
CUST-01053,51,3,11799.6,3,3,3,9,Growing
CUST-01054,1,4,41302.01,4,4,4,12,Champions
CUST-01055,1,4,20448.42,4,4,4,12,Champions
CUST-01056,27,1,1605.01,4,1,1,6,Occasional
CUST-01057,51,1,3807.73,3,1,1,5,At Risk
CUST-01058,153,3,12231.17,2,3,3,8,Occasional
CUST-01059,27,3,10569.279999999999,4,3,3,10,Growing
CUST-01060,1,4,14351.46,4,4,3,11,Champions
CUST-01061,51,5,8122.42,3,4,2,9,Growing
CUST-01062,1,5,12600.07,4,4,3,11,Champions
CUST-01063,90,3,16875.039999999997,2,3,3,8,Occasional
CUST-01064,27,3,16629.18,4,3,3,10,Growing
CUST-01065,1,2,17801.97,4,2,3,9,Growing
CUST-01066,178,2,16521.52,1,2,3,6,Occasional
CUST-01067,153,1,17319.78,2,1,3,6,Occasional
CUST-01068,246,1,6483.009999999999,1,1,2,4,At Risk
CUST-01069,1,3,9762.97,4,3,2,9,Growing
CUST-01070,90,5,17800.739999999998,2,4,3,9,Growing
CUST-01071,27,2,3325.35,4,2,1,7,Occasional
CUST-01072,1,2,21308.23,4,2,4,10,Growing
CUST-01074,90,3,14599.39,2,3,3,8,Occasional
CUST-01075,178,1,4225.77,1,1,1,3,At Risk
CUST-01076,1,2,25090.489999999998,4,2,4,10,Growing
CUST-01077,178,1,6819.5,1,1,2,4,At Risk
CUST-01078,269,1,3742.23,1,1,1,3,At Risk
CUST-01079,27,6,30396.09,4,4,4,12,Champions
CUST-01080,1,2,61483.64,4,2,4,10,Growing
CUST-01081,223,2,5507.19,1,2,2,5,At Risk
CUST-01082,246,1,4040.71,1,1,1,3,At Risk
CUST-01084,51,1,1249.89,3,1,1,5,At Risk
CUST-01085,51,2,5449.4,3,2,2,7,Occasional
CUST-01086,115,1,1061.91,2,1,1,4,At Risk
CUST-01088,1,1,4784.82,4,1,1,6,Occasional
CUST-01089,27,4,14143.27,4,4,3,11,Champions
CUST-01090,246,1,5879.81,1,1,2,4,At Risk
CUST-01091,90,3,11107.11,2,3,3,8,Occasional
CUST-01092,269,1,3274.65,1,1,1,3,At Risk
CUST-01093,115,2,11245.34,2,2,3,7,Occasional
CUST-01096,223,3,15983.630000000001,1,3,3,7,Occasional
CUST-01097,178,3,22300.870000000003,1,3,4,8,Occasional
CUST-01098,115,4,21657.75,2,4,4,10,Growing
CUST-01099,178,3,17270.61,1,3,3,7,Occasional
CUST-01100,1,2,7560.299999999999,4,2,2,8,Occasional
CUST-01101,27,4,23357.2,4,4,4,12,Champions
CUST-01102,51,3,3873.9,3,3,1,7,Occasional
CUST-01103,27,1,4062.82,4,1,1,6,Occasional
CUST-01104,27,2,4723.4400000000005,4,2,1,7,Occasional
CUST-01105,223,1,972.74,1,1,1,3,At Risk
CUST-01106,1,3,52512.26,4,3,4,11,Champions
CUST-01107,223,1,614.37,1,1,1,3,At Risk
CUST-01108,51,4,8840.65,3,4,2,9,Growing
CUST-01109,27,3,13089.9,4,3,3,10,Growing
CUST-01110,90,3,5725.48,2,3,2,7,Occasional
CUST-01111,178,1,11669.55,1,1,3,5,At Risk
CUST-01112,1,4,18477.01,4,4,3,11,Champions
CUST-01113,90,4,27422.02,2,4,4,10,Growing
CUST-01114,27,2,4268.11,4,2,1,7,Occasional
CUST-01115,153,2,10921.33,2,2,3,7,Occasional
CUST-01116,1,2,15467.36,4,2,3,9,Growing
CUST-01117,51,3,17926.64,3,3,3,9,Growing
CUST-01118,202,1,1939.31,1,1,1,3,At Risk
CUST-01119,223,1,1560.17,1,1,1,3,At Risk
CUST-01120,153,2,4643.51,2,2,1,5,At Risk
CUST-01123,1,4,34450.21000000001,4,4,4,12,Champions
CUST-01124,27,2,12147.11,4,2,3,9,Growing
CUST-01125,27,3,8812.04,4,3,2,9,Growing
CUST-01126,153,3,59272.1,2,3,4,9,Growing
CUST-01127,115,2,8133.54,2,2,2,6,Occasional
CUST-01128,27,7,37641.74,4,4,4,12,Champions
CUST-01129,51,2,2841.0299999999997,3,2,1,6,Occasional
CUST-01130,90,3,17539.129999999997,2,3,3,8,Occasional
CUST-01131,27,5,11137.689999999999,4,4,3,11,Champions
CUST-01132,1,1,10626.05,4,1,3,8,Occasional
CUST-01133,223,3,19820.84,1,3,4,8,Occasional
CUST-01134,1,5,17248.3,4,4,3,11,Champions
CUST-01135,1,5,13511.92,4,4,3,11,Champions
CUST-01136,27,4,21995.42,4,4,4,12,Champions
CUST-01137,1,3,27574.07,4,3,4,11,Champions
CUST-01138,223,1,324.7,1,1,1,3,At Risk
CUST-01139,1,3,53843.99,4,3,4,11,Champions
CUST-01140,90,2,8299.73,2,2,2,6,Occasional
CUST-01141,1,4,26439.79,4,4,4,12,Champions
CUST-01142,295,1,1831.82,1,1,1,3,At Risk
CUST-01143,90,2,13052.54,2,2,3,7,Occasional
CUST-01144,1,2,26087.059999999998,4,2,4,10,Growing
CUST-01145,27,3,9897.9,4,3,2,9,Growing
CUST-01146,90,2,5300.849999999999,2,2,2,6,Occasional
CUST-01147,1,2,29430.59,4,2,4,10,Growing
CUST-01148,27,2,6869.63,4,2,2,8,Occasional
CUST-01149,27,3,31789.39,4,3,4,11,Champions
CUST-01150,223,2,5174.389999999999,1,2,2,5,At Risk
CUST-01152,51,5,25284.11,3,4,4,11,Champions
CUST-01153,269,1,3948.83,1,1,1,3,At Risk
CUST-01154,51,4,13610.04,3,4,3,10,Growing
CUST-01155,51,3,7849.12,3,3,2,8,Occasional
CUST-01156,27,5,25716.870000000003,4,4,4,12,Champions
CUST-01157,1,3,13602.560000000001,4,3,3,10,Growing
CUST-01158,27,4,16733.42,4,4,3,11,Champions
CUST-01161,1,4,23302.65,4,4,4,12,Champions
CUST-01162,1,5,31591.4,4,4,4,12,Champions
CUST-01163,51,3,25818.71,3,3,4,10,Growing
CUST-01164,115,2,11986.88,2,2,3,7,Occasional
CUST-01165,115,2,16380.830000000002,2,2,3,7,Occasional
CUST-01166,115,2,3412.67,2,2,1,5,At Risk
CUST-01168,178,1,5919.56,1,1,2,4,At Risk
CUST-01169,1,4,53077.16,4,4,4,12,Champions
CUST-01170,51,2,8336.41,3,2,2,7,Occasional
CUST-01171,115,1,8963.94,2,1,2,5,At Risk
CUST-01172,295,1,17722.68,1,1,3,5,At Risk
CUST-01173,51,2,2894.89,3,2,1,6,Occasional
CUST-01174,223,1,222.27,1,1,1,3,At Risk
CUST-01175,115,2,10114.8,2,2,2,6,Occasional
CUST-01176,27,2,9279.95,4,2,2,8,Occasional
CUST-01177,1,5,29526.09,4,4,4,12,Champions
CUST-01178,178,3,27600.63,1,3,4,8,Occasional
CUST-01179,246,1,5704.92,1,1,2,4,At Risk
CUST-01180,223,1,609.0,1,1,1,3,At Risk
CUST-01181,90,2,11331.43,2,2,3,7,Occasional
CUST-01182,51,1,1702.13,3,1,1,5,At Risk
CUST-01183,223,2,3087.16,1,2,1,4,At Risk
CUST-01184,178,1,4197.48,1,1,1,3,At Risk
CUST-01185,1,4,37931.47,4,4,4,12,Champions
CUST-01186,178,1,5614.16,1,1,2,4,At Risk
CUST-01187,51,2,7105.03,3,2,2,7,Occasional
CUST-01188,27,3,15358.92,4,3,3,10,Growing
CUST-01189,178,1,7090.94,1,1,2,4,At Risk
CUST-01190,27,2,12761.990000000002,4,2,3,9,Growing
CUST-01191,51,1,853.18,3,1,1,5,At Risk
CUST-01192,27,1,1285.66,3,1,1,5,At Risk
CUST-01194,1,3,24282.37,4,3,4,11,Champions
CUST-01195,202,1,1022.41,1,1,1,3,At Risk
CUST-01196,51,2,9760.99,3,2,2,7,Occasional
CUST-01197,269,1,5287.06,1,1,2,4,At Risk
CUST-01198,90,4,10970.17,2,4,3,9,Growing
CUST-01199,51,3,1701.5200000000002,3,3,1,7,Occasional
CUST-01200,1,2,13641.380000000001,4,2,3,9,Growing
CUST-01201,1,2,9123.08,4,2,2,8,Occasional
CUST-01202,246,1,4080.47,1,1,1,3,At Risk
CUST-01203,1,4,25586.22,4,4,4,12,Champions
CUST-01204,51,1,420.23,3,1,1,5,At Risk
CUST-01205,27,4,20914.4,3,4,4,11,Champions
CUST-01206,90,2,2011.35,2,2,1,5,At Risk
CUST-01207,1,3,18449.329999999998,4,3,3,10,Growing
CUST-01208,90,4,19250.760000000002,2,4,4,10,Growing
CUST-01209,27,5,40853.92,3,4,4,11,Champions
CUST-01210,90,2,5197.8099999999995,2,2,2,6,Occasional
CUST-01211,153,3,20906.12,2,3,4,9,Growing
CUST-01212,1,5,18632.49,4,4,3,11,Champions
CUST-01213,1,3,10168.57,4,3,2,9,Growing
CUST-01214,115,3,10187.61,2,3,2,7,Occasional
CUST-01215,1,1,12138.0,4,1,3,8,Occasional
CUST-01216,153,1,13882.64,2,1,3,6,Occasional
CUST-01217,90,1,5174.68,2,1,2,5,At Risk
CUST-01218,1,4,43989.159999999996,4,4,4,12,Champions
CUST-01219,153,2,10004.779999999999,2,2,2,6,Occasional
CUST-01220,115,2,11321.27,2,2,3,7,Occasional
CUST-01221,1,2,19077.140000000003,4,2,4,10,Growing
CUST-01222,1,4,42351.06,4,4,4,12,Champions
CUST-01223,27,3,7074.83,3,3,2,8,Occasional
CUST-01224,51,2,4442.46,3,2,1,6,Occasional
CUST-01225,51,1,2186.62,3,1,1,5,At Risk
CUST-01226,1,3,27076.559999999998,4,3,4,11,Champions
CUST-01227,27,4,34685.76,3,4,4,11,Champions
CUST-01228,1,2,20186.589999999997,4,2,4,10,Growing
CUST-01230,1,2,28943.15,4,2,4,10,Growing
CUST-01231,27,1,2644.08,3,1,1,5,At Risk
CUST-01232,153,2,42566.84,2,2,4,8,Occasional
CUST-01233,27,3,6818.8099999999995,3,3,2,8,Occasional
CUST-01234,223,1,864.56,1,1,1,3,At Risk
CUST-01236,27,3,13015.16,3,3,3,9,Growing
CUST-01237,27,4,31125.78,3,4,4,11,Champions
CUST-01238,1,3,12513.14,4,3,3,10,Growing
CUST-01239,115,2,8903.55,2,2,2,6,Occasional
CUST-01240,51,3,5557.200000000001,3,3,2,8,Occasional
CUST-01241,1,3,34519.67,4,3,4,11,Champions
CUST-01242,153,2,26665.65,2,2,4,8,Occasional
CUST-01243,202,2,7174.65,1,2,2,5,At Risk
CUST-01244,27,5,40804.68,3,4,4,11,Champions
CUST-01245,1,4,17637.21,4,4,3,11,Champions
CUST-01246,1,2,16447.89,4,2,3,9,Growing
CUST-01247,178,1,7611.79,1,1,2,4,At Risk
CUST-01248,51,4,28666.68,3,4,4,11,Champions
CUST-01251,51,5,36011.39,3,4,4,11,Champions
CUST-01252,90,1,376.14,2,1,1,4,At Risk
CUST-01253,202,2,22325.050000000003,1,2,4,7,Occasional
CUST-01254,269,2,14649.73,1,2,3,6,Occasional
CUST-01255,153,3,18052.38,2,3,3,8,Occasional
CUST-01256,246,1,4859.32,1,1,1,3,At Risk
CUST-01257,115,3,16204.630000000001,2,3,3,8,Occasional
CUST-01258,153,3,23582.25,2,3,4,9,Growing
CUST-01260,51,2,8664.81,3,2,2,7,Occasional
CUST-01261,27,4,36130.3,3,4,4,11,Champions
CUST-01262,27,2,5990.719999999999,3,2,2,7,Occasional
CUST-01263,1,3,11028.85,4,3,3,10,Growing
CUST-01264,90,3,12601.65,2,3,3,8,Occasional
CUST-01265,27,2,5580.92,3,2,2,7,Occasional
CUST-01266,51,2,727.4,3,2,1,6,Occasional
CUST-01267,153,4,39359.63,2,4,4,10,Growing
CUST-01268,115,2,5140.59,2,2,2,6,Occasional
CUST-01269,90,2,6516.43,2,2,2,6,Occasional
CUST-01270,90,1,1353.25,2,1,1,4,At Risk
CUST-01271,90,3,25646.41,2,3,4,9,Growing
CUST-01272,1,3,32362.629999999997,4,3,4,11,Champions
CUST-01273,90,1,1333.04,2,1,1,4,At Risk
CUST-01274,1,4,33277.24,4,4,4,12,Champions
CUST-01275,223,1,4526.31,1,1,1,3,At Risk
CUST-01276,1,2,30962.440000000002,4,2,4,10,Growing
CUST-01277,90,1,5136.39,2,1,2,5,At Risk
CUST-01278,90,1,3124.37,2,1,1,4,At Risk
CUST-01279,178,1,7030.04,1,1,2,4,At Risk
CUST-01280,153,3,10574.82,2,3,3,8,Occasional
CUST-01281,1,3,9595.64,4,3,2,9,Growing
CUST-01282,295,1,4529.45,1,1,1,3,At Risk
CUST-01283,153,4,32093.09,2,4,4,10,Growing
CUST-01284,51,3,11801.089999999998,3,3,3,9,Growing
CUST-01285,1,2,6734.09,4,2,2,8,Occasional
CUST-01286,27,5,22841.719999999998,3,4,4,11,Champions
CUST-01287,1,4,46429.28,4,4,4,12,Champions
CUST-01288,1,3,21887.38,4,3,4,11,Champions
CUST-01289,51,2,2080.14,3,2,1,6,Occasional
CUST-01291,223,1,1123.47,1,1,1,3,At Risk
CUST-01292,51,3,25579.5,3,3,4,10,Growing
CUST-01293,51,2,7698.15,3,2,2,7,Occasional
CUST-01294,1,2,23822.04,4,2,4,10,Growing
CUST-01295,1,3,13470.369999999999,4,3,3,10,Growing
CUST-01296,90,2,6568.42,2,2,2,6,Occasional
CUST-01297,202,1,1347.28,1,1,1,3,At Risk
CUST-01299,153,1,5760.67,2,1,2,5,At Risk
CUST-01300,1,4,45563.1,4,4,4,12,Champions
CUST-01301,178,1,3256.68,1,1,1,3,At Risk
CUST-01302,27,2,3448.07,3,2,1,6,Occasional
CUST-01303,1,2,20150.17,4,2,4,10,Growing
CUST-01304,27,2,4085.52,3,2,1,6,Occasional
CUST-01305,295,1,12428.1,1,1,3,5,At Risk
CUST-01306,1,2,28682.440000000002,4,2,4,10,Growing
CUST-01307,27,2,5882.28,3,2,2,7,Occasional
CUST-01308,1,1,3487.73,4,1,1,6,Occasional
CUST-01309,51,4,10004.349999999999,3,4,2,9,Growing
CUST-01310,115,3,40533.66,2,3,4,9,Growing
CUST-01311,115,1,7285.48,2,1,2,5,At Risk
CUST-01312,1,3,43381.8,4,3,4,11,Champions
CUST-01313,115,3,28921.94,2,3,4,9,Growing
CUST-01314,27,2,8654.1,3,2,2,7,Occasional
CUST-01315,153,3,29051.960000000003,2,3,4,9,Growing
CUST-01316,202,2,6337.46,1,2,2,5,At Risk
CUST-01317,27,3,6129.77,3,3,2,8,Occasional
CUST-01318,1,5,17689.99,4,4,3,11,Champions
CUST-01319,178,2,5969.49,1,2,2,5,At Risk
CUST-01320,51,4,11602.3,3,4,3,10,Growing
CUST-01322,27,4,11755.900000000001,3,4,3,10,Growing
CUST-01323,90,4,21781.79,2,4,4,10,Growing
CUST-01324,295,1,1859.67,1,1,1,3,At Risk
CUST-01325,115,1,3946.15,2,1,1,4,At Risk
CUST-01327,90,1,3746.25,2,1,1,4,At Risk
CUST-01328,90,3,6733.38,2,3,2,7,Occasional
CUST-01329,51,3,17830.6,3,3,3,9,Growing
CUST-01331,90,2,6260.27,2,2,2,6,Occasional
CUST-01333,90,3,21853.350000000002,2,3,4,9,Growing
CUST-01335,90,2,10928.34,2,2,3,7,Occasional
CUST-01336,90,3,9210.3,2,3,2,7,Occasional
CUST-01337,153,3,13788.060000000001,2,3,3,8,Occasional
CUST-01338,153,1,2922.5,2,1,1,4,At Risk
CUST-01339,90,2,4701.05,2,2,1,5,At Risk
CUST-01340,90,5,28495.94,2,4,4,10,Growing
CUST-01341,27,6,11603.51,3,4,3,10,Growing
CUST-01342,1,2,7247.77,4,2,2,8,Occasional
CUST-01343,27,2,15988.47,3,2,3,8,Occasional
CUST-01344,90,1,1253.33,2,1,1,4,At Risk
CUST-01345,115,2,10477.92,2,2,3,7,Occasional
CUST-01346,90,3,39870.25,2,3,4,9,Growing
CUST-01347,27,2,5497.97,3,2,2,7,Occasional
CUST-01348,90,2,6595.629999999999,2,2,2,6,Occasional
CUST-01349,1,4,22816.32,4,4,4,12,Champions
CUST-01350,1,6,34271.47,4,4,4,12,Champions
CUST-01351,90,4,25274.37,2,4,4,10,Growing
CUST-01352,246,1,1356.44,1,1,1,3,At Risk
CUST-01353,178,1,13991.68,1,1,3,5,At Risk
CUST-01354,51,4,5331.3,3,4,2,9,Growing
CUST-01355,202,3,18927.300000000003,1,3,3,7,Occasional
CUST-01356,115,2,6574.49,2,2,2,6,Occasional
CUST-01357,27,2,9574.51,3,2,2,7,Occasional
CUST-01358,178,3,29260.46,1,3,4,8,Occasional
CUST-01360,51,2,549.6899999999999,3,2,1,6,Occasional
CUST-01361,27,5,29244.36,3,4,4,11,Champions
CUST-01362,1,3,19802.34,4,3,4,11,Champions
CUST-01363,1,3,27761.53,4,3,4,11,Champions
CUST-01365,246,1,4740.61,1,1,1,3,At Risk
CUST-01366,1,2,9250.84,4,2,2,8,Occasional
CUST-01367,27,4,23657.8,3,4,4,11,Champions
CUST-01368,51,3,27067.48,3,3,4,10,Growing
CUST-01369,27,2,9354.67,3,2,2,7,Occasional
CUST-01370,90,1,4841.83,2,1,1,4,At Risk
CUST-01371,153,1,2936.76,2,1,1,4,At Risk
CUST-01373,51,3,28073.41,3,3,4,10,Growing
CUST-01374,51,4,25145.85,3,4,4,11,Champions
CUST-01375,1,3,40209.96,4,3,4,11,Champions
CUST-01376,295,1,8415.73,1,1,2,4,At Risk
CUST-01377,27,3,25938.16,3,3,4,10,Growing
CUST-01378,51,2,6730.32,3,2,2,7,Occasional
CUST-01379,90,3,5161.76,2,3,2,7,Occasional
CUST-01380,153,1,4963.83,2,1,2,5,At Risk
CUST-01381,153,2,7426.93,2,2,2,6,Occasional
CUST-01382,51,1,779.88,3,1,1,5,At Risk
CUST-01383,246,1,2142.41,1,1,1,3,At Risk
CUST-01384,295,1,3712.82,1,1,1,3,At Risk
CUST-01385,153,3,11141.800000000001,2,3,3,8,Occasional
CUST-01386,27,2,16012.68,3,2,3,8,Occasional
CUST-01387,27,4,24050.25,3,4,4,11,Champions
CUST-01388,90,2,1508.53,2,2,1,5,At Risk
CUST-01389,90,2,10558.27,2,2,3,7,Occasional
CUST-01391,90,2,2253.38,2,2,1,5,At Risk
CUST-01392,51,3,23209.91,3,3,4,10,Growing
CUST-01393,1,2,13174.289999999999,4,2,3,9,Growing
CUST-01394,27,4,13013.099999999999,3,4,3,10,Growing
CUST-01395,115,1,1403.32,2,1,1,4,At Risk
CUST-01396,1,6,13628.199999999999,4,4,3,11,Champions
CUST-01397,202,2,1597.2800000000002,1,2,1,4,At Risk
CUST-01398,1,2,9381.060000000001,4,2,2,8,Occasional
CUST-01399,51,2,30713.18,3,2,4,9,Growing
CUST-01400,153,3,21812.100000000002,2,3,4,9,Growing
CUST-01401,1,3,5271.02,4,3,2,9,Growing
CUST-01403,1,3,48913.53,4,3,4,11,Champions
CUST-01404,90,2,7281.09,2,2,2,6,Occasional
CUST-01405,153,2,31308.409999999996,2,2,4,8,Occasional
CUST-01406,51,3,3002.12,3,3,1,7,Occasional
CUST-01407,27,2,7889.4400000000005,3,2,2,7,Occasional
CUST-01408,1,4,16158.04,4,4,3,11,Champions
CUST-01409,51,5,23391.36,3,4,4,11,Champions
CUST-01410,27,4,5956.93,3,4,2,9,Growing
CUST-01411,27,1,2014.57,3,1,1,5,At Risk
CUST-01412,51,4,16827.039999999997,3,4,3,10,Growing
CUST-01413,27,3,13323.79,3,3,3,9,Growing
CUST-01414,1,5,30697.589999999997,4,4,4,12,Champions
CUST-01415,90,3,8979.08,2,3,2,7,Occasional
CUST-01416,27,2,16348.63,3,2,3,8,Occasional
CUST-01417,27,4,10373.99,3,4,3,10,Growing
CUST-01418,51,1,1822.67,3,1,1,5,At Risk
CUST-01420,51,3,12981.890000000001,3,3,3,9,Growing
CUST-01421,90,3,13683.14,2,3,3,8,Occasional
CUST-01422,246,1,1638.62,1,1,1,3,At Risk
CUST-01423,51,1,1684.5,3,1,1,5,At Risk
CUST-01424,153,1,3224.39,2,1,1,4,At Risk
CUST-01426,27,1,1628.73,3,1,1,5,At Risk
CUST-01427,51,3,10318.230000000001,3,3,2,8,Occasional
CUST-01428,178,4,49107.04,1,4,4,9,Growing
CUST-01429,115,1,8028.96,2,1,2,5,At Risk
CUST-01431,1,3,14356.84,4,3,3,10,Growing
CUST-01432,90,3,16682.76,2,3,3,8,Occasional
CUST-01433,1,4,46720.39,4,4,4,12,Champions
CUST-01434,51,1,250.65,3,1,1,5,At Risk
CUST-01435,27,6,28258.58,3,4,4,11,Champions
CUST-01436,1,5,36408.57,4,4,4,12,Champions
CUST-01437,115,5,49884.18,2,4,4,10,Growing
CUST-01438,1,3,10161.55,4,3,2,9,Growing
CUST-01439,153,3,21092.05,2,3,4,9,Growing
CUST-01441,178,2,9226.650000000001,1,2,2,5,At Risk
CUST-01442,27,3,20959.3,3,3,4,10,Growing
CUST-01443,27,3,9106.869999999999,3,3,2,8,Occasional
CUST-01444,51,4,19201.33,3,4,4,11,Champions
CUST-01445,202,2,15499.1,1,2,3,6,Occasional
CUST-01446,115,3,18559.4,2,3,3,8,Occasional
CUST-01447,27,3,63445.42,3,3,4,10,Growing
CUST-01448,115,2,16048.19,2,2,3,7,Occasional
CUST-01449,27,2,4311.58,3,2,1,6,Occasional
CUST-01450,51,2,7294.38,3,2,2,7,Occasional
CUST-01451,51,3,17431.37,3,3,3,9,Growing
CUST-01452,246,1,2383.59,1,1,1,3,At Risk
CUST-01454,202,1,2241.23,1,1,1,3,At Risk
CUST-01457,90,2,4815.09,2,2,1,5,At Risk
CUST-01458,51,1,466.68,3,1,1,5,At Risk
CUST-01459,153,2,4745.75,2,2,1,5,At Risk
CUST-01460,223,1,410.01,1,1,1,3,At Risk
CUST-01461,1,3,19943.059999999998,4,3,4,11,Champions
CUST-01462,1,4,63210.57,4,4,4,12,Champions
CUST-01463,51,2,3962.66,3,2,1,6,Occasional
CUST-01464,202,2,3263.89,1,2,1,4,At Risk
CUST-01465,1,1,14848.54,4,1,3,8,Occasional
CUST-01466,1,3,23313.910000000003,4,3,4,11,Champions
CUST-01468,1,4,35122.6,4,4,4,12,Champions
CUST-01469,246,2,11569.470000000001,1,2,3,6,Occasional
CUST-01470,202,1,6838.75,1,1,2,4,At Risk
CUST-01471,1,2,14669.470000000001,4,2,3,9,Growing
CUST-01472,51,1,899.45,3,1,1,5,At Risk
CUST-01473,269,2,21625.18,1,2,4,7,Occasional
CUST-01474,153,1,8535.02,2,1,2,5,At Risk
CUST-01475,153,2,9142.78,2,2,2,6,Occasional
CUST-01476,153,1,7628.94,2,1,2,5,At Risk
CUST-01477,178,1,29015.6,1,1,4,6,Occasional
CUST-01479,1,5,36419.53,4,4,4,12,Champions
CUST-01480,1,3,23557.42,4,3,4,11,Champions
CUST-01482,27,3,7741.95,3,3,2,8,Occasional
CUST-01483,1,2,15676.34,4,2,3,9,Growing
CUST-01484,90,2,3591.52,2,2,1,5,At Risk
CUST-01486,202,1,1637.78,1,1,1,3,At Risk
CUST-01487,115,1,5010.99,2,1,2,5,At Risk
CUST-01488,27,2,8698.34,3,2,2,7,Occasional
CUST-01489,115,3,19600.98,2,3,4,9,Growing
CUST-01490,27,2,6256.46,3,2,2,7,Occasional
CUST-01491,178,2,30324.49,1,2,4,7,Occasional
CUST-01492,90,3,15164.8,2,3,3,8,Occasional
CUST-01493,1,2,11629.560000000001,4,2,3,9,Growing
CUST-01494,27,3,10001.17,3,3,2,8,Occasional
CUST-01495,51,2,3918.27,3,2,1,6,Occasional
CUST-01496,115,3,13857.57,2,3,3,8,Occasional
CUST-01498,115,3,25373.35,2,3,4,9,Growing
CUST-01499,153,1,21523.72,2,1,4,7,Occasional
CUST-01501,90,1,961.73,2,1,1,4,At Risk
CUST-01502,1,2,24827.86,4,2,4,10,Growing
CUST-01503,1,3,22752.670000000002,4,3,4,11,Champions
CUST-01504,115,2,6703.74,2,2,2,6,Occasional
CUST-01505,153,1,3527.75,2,1,1,4,At Risk
CUST-01506,1,2,40592.65,4,2,4,10,Growing
CUST-01507,1,6,85942.35,4,4,4,12,Champions
CUST-01508,178,1,24472.14,1,1,4,6,Occasional
CUST-01509,178,1,36860.36,1,1,4,6,Occasional
CUST-01510,90,2,5005.88,2,2,2,6,Occasional
CUST-01511,1,2,6598.3,4,2,2,8,Occasional
CUST-01512,27,4,10717.279999999999,3,4,3,10,Growing
CUST-01513,1,5,32624.72,4,4,4,12,Champions
CUST-01514,115,3,13650.66,2,3,3,8,Occasional
CUST-01515,246,1,3759.53,1,1,1,3,At Risk
CUST-01516,1,4,23307.08,4,4,4,12,Champions
CUST-01517,27,2,6780.15,3,2,2,7,Occasional
CUST-01518,90,3,27780.059999999998,2,3,4,9,Growing
CUST-01519,115,4,6146.8,2,4,2,8,Occasional
CUST-01521,51,3,25525.42,3,3,4,10,Growing
CUST-01522,115,4,41171.18,2,4,4,10,Growing
CUST-01523,223,2,5177.49,1,2,2,5,At Risk
CUST-01524,51,3,15375.8,3,3,3,9,Growing
CUST-01525,90,4,11921.19,2,4,3,9,Growing
CUST-01526,295,1,4710.95,1,1,1,3,At Risk
CUST-01527,1,3,13032.010000000002,4,3,3,10,Growing
CUST-01528,202,2,5557.4400000000005,1,2,2,5,At Risk
CUST-01529,202,2,4728.639999999999,1,2,1,4,At Risk
CUST-01530,27,2,2140.27,3,2,1,6,Occasional
CUST-01531,1,2,25207.059999999998,4,2,4,10,Growing
CUST-01532,115,2,11620.18,2,2,3,7,Occasional
CUST-01533,153,1,5333.46,2,1,2,5,At Risk
CUST-01534,115,3,10981.68,2,3,3,8,Occasional
CUST-01535,1,2,7856.8099999999995,4,2,2,8,Occasional
CUST-01536,51,3,10280.18,3,3,2,8,Occasional
CUST-01537,90,2,2234.24,2,2,1,5,At Risk
CUST-01538,1,4,29763.010000000002,4,4,4,12,Champions
CUST-01539,90,1,7134.620000000001,2,1,2,5,At Risk
CUST-01540,27,4,6351.1900000000005,3,4,2,9,Growing
CUST-01541,1,3,8379.119999999999,4,3,2,9,Growing
CUST-01542,27,2,5164.15,3,2,2,7,Occasional
CUST-01543,1,3,9907.48,4,3,2,9,Growing
CUST-01544,178,3,11708.66,1,3,3,7,Occasional
CUST-01545,90,4,58271.91,2,4,4,10,Growing
CUST-01547,246,1,2418.71,1,1,1,3,At Risk
CUST-01548,153,1,2328.82,2,1,1,4,At Risk
CUST-01549,153,3,20466.64,2,3,4,9,Growing
CUST-01550,27,3,9182.800000000001,3,3,2,8,Occasional
CUST-01551,1,3,23852.8,4,3,4,11,Champions
CUST-01552,27,3,11186.08,3,3,3,9,Growing
CUST-01553,51,3,4516.74,3,3,1,7,Occasional
CUST-01554,51,3,40295.32,3,3,4,10,Growing
CUST-01555,178,2,27754.57,1,2,4,7,Occasional
CUST-01556,1,4,20691.17,4,4,4,12,Champions
CUST-01557,246,1,3816.92,1,1,1,3,At Risk
CUST-01558,1,2,4073.06,4,2,1,7,Occasional
CUST-01559,115,3,34369.94,2,3,4,9,Growing
CUST-01560,27,3,9920.44,3,3,2,8,Occasional
CUST-01561,223,2,4758.8099999999995,1,2,1,4,At Risk
CUST-01562,115,1,2398.38,2,1,1,4,At Risk
CUST-01563,51,2,5965.349999999999,3,2,2,7,Occasional
CUST-01564,202,1,1389.28,1,1,1,3,At Risk
CUST-01565,295,1,2940.41,1,1,1,3,At Risk
CUST-01566,90,2,3971.1000000000004,2,2,1,5,At Risk
CUST-01569,1,3,15293.79,4,3,3,10,Growing
CUST-01570,115,2,6587.4,2,2,2,6,Occasional
CUST-01571,27,3,4226.32,3,3,1,7,Occasional
CUST-01572,246,1,4284.82,1,1,1,3,At Risk
CUST-01573,1,1,33497.93,4,1,4,9,Growing
CUST-01574,153,3,8732.35,2,3,2,7,Occasional
CUST-01575,115,2,11167.369999999999,2,2,3,7,Occasional
CUST-01576,178,3,43485.119999999995,1,3,4,8,Occasional
CUST-01578,223,1,381.6,1,1,1,3,At Risk
CUST-01579,51,2,2343.44,3,2,1,6,Occasional
CUST-01580,90,3,11265.25,2,3,3,8,Occasional
CUST-01581,153,3,32353.75,2,3,4,9,Growing
CUST-01582,90,2,8309.35,2,2,2,6,Occasional
CUST-01583,153,1,2735.03,2,1,1,4,At Risk
CUST-01584,51,3,5370.530000000001,3,3,2,8,Occasional
CUST-01585,51,2,3598.85,3,2,1,6,Occasional
CUST-01586,1,2,8528.03,4,2,2,8,Occasional
CUST-01587,1,2,9392.24,4,2,2,8,Occasional
CUST-01588,115,4,18544.66,2,4,3,9,Growing
CUST-01589,27,2,19920.4,3,2,4,9,Growing
CUST-01590,115,2,4819.25,2,2,1,5,At Risk
CUST-01591,1,2,15612.85,4,2,3,9,Growing
CUST-01592,223,1,1293.81,1,1,1,3,At Risk
CUST-01593,115,5,33869.98,2,4,4,10,Growing
CUST-01594,27,1,660.37,3,1,1,5,At Risk
CUST-01595,223,2,4253.9400000000005,1,2,1,4,At Risk
CUST-01596,51,3,9401.69,3,3,2,8,Occasional
CUST-01597,27,3,7586.21,3,3,2,8,Occasional
CUST-01598,223,2,3534.23,1,2,1,4,At Risk
CUST-01599,1,3,58710.130000000005,4,3,4,11,Champions
CUST-01600,51,3,16132.94,3,3,3,9,Growing
CUST-01601,153,2,7208.99,2,2,2,6,Occasional
CUST-01602,51,3,12856.27,3,3,3,9,Growing
CUST-01603,90,3,13713.36,2,3,3,8,Occasional
CUST-01604,51,1,998.42,3,1,1,5,At Risk
CUST-01605,115,2,12991.849999999999,2,2,3,7,Occasional
CUST-01606,223,1,1292.98,1,1,1,3,At Risk
CUST-01607,1,5,39226.59,4,4,4,12,Champions
CUST-01608,115,1,3379.69,2,1,1,4,At Risk
CUST-01609,51,2,7179.87,3,2,2,7,Occasional
CUST-01610,153,1,6610.620000000001,2,1,2,5,At Risk
CUST-01611,1,3,18632.66,4,3,3,10,Growing
CUST-01613,202,1,2344.47,1,1,1,3,At Risk
CUST-01615,246,1,1933.71,1,1,1,3,At Risk
CUST-01617,51,4,32733.47,3,4,4,11,Champions
CUST-01618,115,1,3178.89,2,1,1,4,At Risk
CUST-01619,153,1,3804.25,2,1,1,4,At Risk
CUST-01620,202,2,9010.42,1,2,2,5,At Risk
CUST-01621,202,1,3157.75,1,1,1,3,At Risk
CUST-01622,51,2,1486.6399999999999,3,2,1,6,Occasional
CUST-01623,27,4,16325.84,3,4,3,10,Growing
CUST-01624,115,1,3026.34,2,1,1,4,At Risk
CUST-01625,178,2,16537.3,1,2,3,6,Occasional
CUST-01626,1,2,8974.62,4,2,2,8,Occasional
CUST-01627,202,1,1089.09,1,1,1,3,At Risk
CUST-01628,90,1,3071.27,2,1,1,4,At Risk
CUST-01629,1,2,6652.34,4,2,2,8,Occasional
CUST-01630,1,3,10968.54,4,3,3,10,Growing
CUST-01631,27,3,7182.41,3,3,2,8,Occasional
CUST-01632,27,3,6685.3099999999995,3,3,2,8,Occasional
CUST-01633,223,1,696.38,1,1,1,3,At Risk
CUST-01634,153,1,20911.31,2,1,4,7,Occasional
CUST-01635,27,2,7162.46,3,2,2,7,Occasional
CUST-01636,51,3,26383.989999999998,3,3,4,10,Growing
CUST-01637,1,3,82304.26,4,3,4,11,Champions
CUST-01638,90,5,24877.44,2,4,4,10,Growing
CUST-01639,51,2,8589.93,3,2,2,7,Occasional
CUST-01640,115,1,2427.81,2,1,1,4,At Risk
CUST-01641,269,1,9136.7,1,1,2,4,At Risk
CUST-01642,90,3,12310.57,2,3,3,8,Occasional
CUST-01643,153,3,15963.52,2,3,3,8,Occasional
CUST-01644,246,1,6436.47,1,1,2,4,At Risk
CUST-01645,27,1,3396.38,3,1,1,5,At Risk
CUST-01646,51,2,6460.55,3,2,2,7,Occasional
CUST-01647,246,2,10899.64,1,2,3,6,Occasional
CUST-01648,90,3,13058.79,2,3,3,8,Occasional
CUST-01649,27,1,2103.93,3,1,1,5,At Risk
CUST-01650,223,2,3488.1899999999996,1,2,1,4,At Risk
CUST-01651,269,1,4533.01,1,1,1,3,At Risk
CUST-01652,51,4,20052.39,3,4,4,11,Champions
CUST-01653,153,2,9741.69,2,2,2,6,Occasional
CUST-01654,90,2,8893.86,2,2,2,6,Occasional
CUST-01655,202,1,4629.88,1,1,1,3,At Risk
CUST-01656,27,4,9207.94,3,4,2,9,Growing
CUST-01657,178,2,25170.149999999998,1,2,4,7,Occasional
CUST-01658,1,4,16006.0,4,4,3,11,Champions
CUST-01660,1,4,36285.97,4,4,4,12,Champions
CUST-01661,27,3,11189.36,3,3,3,9,Growing
CUST-01662,178,3,36871.92,1,3,4,8,Occasional
CUST-01663,295,1,14162.12,1,1,3,5,At Risk
CUST-01664,178,4,12004.32,1,4,3,8,Occasional
CUST-01665,1,4,16351.050000000001,4,4,3,11,Champions
CUST-01666,223,2,2182.87,1,2,1,4,At Risk
CUST-01667,178,2,9328.17,1,2,2,5,At Risk
CUST-01668,51,2,6268.66,3,2,2,7,Occasional
CUST-01669,1,6,23321.9,4,4,4,12,Champions
CUST-01670,1,3,38133.92,4,3,4,11,Champions
CUST-01671,115,2,3532.06,2,2,1,5,At Risk
CUST-01672,115,1,4333.4400000000005,2,1,1,4,At Risk
CUST-01673,1,1,13057.02,4,1,3,8,Occasional
CUST-01674,223,1,537.73,1,1,1,3,At Risk
CUST-01675,115,3,16915.82,2,3,3,8,Occasional
CUST-01676,202,2,6433.67,1,2,2,5,At Risk
CUST-01677,246,2,2557.4900000000002,1,2,1,4,At Risk
CUST-01678,51,4,14968.29,3,4,3,10,Growing
CUST-01679,51,3,25863.3,3,3,4,10,Growing
CUST-01680,1,4,31300.24,4,4,4,12,Champions
CUST-01681,1,5,38159.15,4,4,4,12,Champions
CUST-01682,51,2,29617.329999999998,3,2,4,9,Growing
CUST-01684,115,3,23148.27,2,3,4,9,Growing
CUST-01685,178,2,7488.51,1,2,2,5,At Risk
CUST-01686,27,2,7470.31,3,2,2,7,Occasional
CUST-01687,27,3,18464.760000000002,3,3,3,9,Growing
CUST-01688,269,1,1987.93,1,1,1,3,At Risk
CUST-01689,246,2,12859.32,1,2,3,6,Occasional
CUST-01690,51,2,5774.99,3,2,2,7,Occasional
CUST-01691,27,3,29277.14,3,3,4,10,Growing
CUST-01692,90,3,11823.47,2,3,3,8,Occasional
CUST-01695,51,3,6447.51,3,3,2,8,Occasional
CUST-01697,153,2,8083.110000000001,2,2,2,6,Occasional
CUST-01698,178,3,30470.71,1,3,4,8,Occasional
CUST-01699,51,3,21532.370000000003,3,3,4,10,Growing
CUST-01700,90,2,11650.61,2,2,3,7,Occasional
CUST-01701,269,1,1338.27,1,1,1,3,At Risk
CUST-01702,178,1,5246.5,1,1,2,4,At Risk
CUST-01703,51,2,4359.92,3,2,1,6,Occasional
CUST-01704,51,3,13342.9,3,3,3,9,Growing
CUST-01705,115,2,6437.6900000000005,2,2,2,6,Occasional
CUST-01706,202,2,3460.28,1,2,1,4,At Risk
CUST-01708,153,3,6799.37,2,3,2,7,Occasional
CUST-01710,178,2,23572.05,1,2,4,7,Occasional
CUST-01711,1,4,17104.199999999997,4,4,3,11,Champions
CUST-01712,153,4,32348.020000000004,2,4,4,10,Growing
CUST-01713,153,3,17036.739999999998,2,3,3,8,Occasional
CUST-01714,51,3,13440.09,3,3,3,9,Growing
CUST-01715,178,2,26017.12,1,2,4,7,Occasional
CUST-01716,90,1,8493.44,2,1,2,5,At Risk
CUST-01717,51,3,14689.08,3,3,3,9,Growing
CUST-01718,1,4,25933.73,4,4,4,12,Champions
CUST-01719,90,2,21088.78,2,2,4,8,Occasional
CUST-01720,1,5,23732.95,4,4,4,12,Champions
CUST-01721,269,1,10634.55,1,1,3,5,At Risk
CUST-01722,27,4,42578.560000000005,3,4,4,11,Champions
CUST-01723,1,2,7719.67,4,2,2,8,Occasional
CUST-01724,202,1,1564.2,1,1,1,3,At Risk
CUST-01725,269,1,3378.69,1,1,1,3,At Risk
CUST-01726,27,2,8325.71,3,2,2,7,Occasional
CUST-01727,51,3,11503.15,3,3,3,9,Growing
CUST-01728,178,3,7568.07,1,3,2,6,Occasional
CUST-01729,51,3,10457.77,3,3,3,9,Growing
CUST-01730,1,2,32833.97,4,2,4,10,Growing
CUST-01731,90,4,10810.960000000001,2,4,3,9,Growing
CUST-01732,90,2,9741.58,2,2,2,6,Occasional
CUST-01733,1,3,9082.29,4,3,2,9,Growing
CUST-01734,202,1,6812.5,1,1,2,4,At Risk
CUST-01735,90,2,11209.45,2,2,3,7,Occasional
CUST-01736,115,1,13119.69,2,1,3,6,Occasional
CUST-01737,1,1,7808.42,4,1,2,7,Occasional
CUST-01738,51,4,13845.44,3,4,3,10,Growing
CUST-01739,295,1,3545.7,1,1,1,3,At Risk
CUST-01740,269,1,4911.27,1,1,1,3,At Risk
CUST-01741,1,2,24091.129999999997,4,2,4,10,Growing
CUST-01742,178,3,18369.96,1,3,3,7,Occasional
CUST-01743,153,3,52302.09,2,3,4,9,Growing
CUST-01744,27,1,7143.07,3,1,2,6,Occasional
CUST-01745,51,4,24429.31,3,4,4,11,Champions
CUST-01746,1,3,20899.94,4,3,4,11,Champions
CUST-01747,295,1,13111.42,1,1,3,5,At Risk
CUST-01748,27,1,2498.01,3,1,1,5,At Risk
CUST-01750,1,3,22735.07,4,3,4,11,Champions
CUST-01751,153,1,4563.53,2,1,1,4,At Risk
CUST-01752,1,3,25997.54,4,3,4,11,Champions
CUST-01753,1,4,40037.9,4,4,4,12,Champions
CUST-01755,1,3,25780.47,4,3,4,11,Champions
CUST-01756,27,4,13864.31,3,4,3,10,Growing
CUST-01757,51,1,240.96,3,1,1,5,At Risk
CUST-01758,27,3,15131.89,3,3,3,9,Growing
CUST-01759,51,3,9726.23,3,3,2,8,Occasional
CUST-01760,27,3,7683.82,3,3,2,8,Occasional
CUST-01761,178,3,10619.42,1,3,3,7,Occasional
CUST-01762,246,1,4283.1,1,1,1,3,At Risk
CUST-01763,269,1,2795.41,1,1,1,3,At Risk
CUST-01764,51,1,2386.77,3,1,1,5,At Risk
CUST-01765,27,3,10574.7,3,3,3,9,Growing
CUST-01767,27,1,2706.94,3,1,1,5,At Risk
CUST-01768,153,1,8750.46,2,1,2,5,At Risk
CUST-01769,51,1,822.84,3,1,1,5,At Risk
CUST-01770,115,3,10079.05,2,3,2,7,Occasional
CUST-01771,90,5,21468.05,2,4,4,10,Growing
CUST-01772,153,3,35006.56,2,3,4,9,Growing
CUST-01773,27,6,24128.59,3,4,4,11,Champions
CUST-01774,153,1,5242.21,2,1,2,5,At Risk
CUST-01775,178,1,7358.0,1,1,2,4,At Risk
CUST-01776,51,1,1829.37,3,1,1,5,At Risk
CUST-01779,153,2,6615.28,2,2,2,6,Occasional
CUST-01781,1,5,16209.39,4,4,3,11,Champions
CUST-01782,1,1,10431.55,4,1,3,8,Occasional
CUST-01783,1,2,47996.729999999996,4,2,4,10,Growing
CUST-01784,1,5,18491.91,4,4,3,11,Champions
CUST-01785,115,1,6736.05,2,1,2,5,At Risk
CUST-01786,1,3,17887.6,4,3,3,10,Growing
CUST-01787,1,2,33402.75,4,2,4,10,Growing
CUST-01788,153,2,12713.0,2,2,3,7,Occasional
CUST-01789,27,2,3773.7400000000002,3,2,1,6,Occasional
CUST-01790,246,1,711.35,1,1,1,3,At Risk
CUST-01791,115,3,20587.58,2,3,4,9,Growing
CUST-01792,90,2,2889.76,2,2,1,5,At Risk
CUST-01793,1,5,37752.67,4,4,4,12,Champions
CUST-01794,27,3,6746.42,3,3,2,8,Occasional
CUST-01795,1,2,11741.15,4,2,3,9,Growing
CUST-01796,178,2,26410.16,1,2,4,7,Occasional
CUST-01797,90,2,13204.43,2,2,3,7,Occasional
CUST-01798,27,4,31340.670000000002,3,4,4,11,Champions
CUST-01799,1,2,14526.829999999998,4,2,3,9,Growing
CUST-01801,27,1,8511.89,3,1,2,6,Occasional
CUST-01802,246,1,1154.45,1,1,1,3,At Risk
CUST-01803,27,3,12938.67,3,3,3,9,Growing
CUST-01804,202,1,1309.2,1,1,1,3,At Risk
CUST-01805,1,3,15029.630000000001,4,3,3,10,Growing
CUST-01806,115,1,2705.6,2,1,1,4,At Risk
CUST-01807,246,1,1022.59,1,1,1,3,At Risk
CUST-01808,246,1,590.04,1,1,1,3,At Risk
CUST-01809,1,2,18264.25,4,2,3,9,Growing
CUST-01810,90,3,5019.91,2,3,2,7,Occasional
CUST-01811,51,1,169.21,3,1,1,5,At Risk
CUST-01812,90,2,20659.11,2,2,4,8,Occasional
CUST-01813,27,2,8203.48,3,2,2,7,Occasional
CUST-01814,90,2,8781.44,2,2,2,6,Occasional
CUST-01815,153,3,19616.64,2,3,4,9,Growing
CUST-01816,90,2,8019.040000000001,2,2,2,6,Occasional
CUST-01817,27,4,35397.62,3,4,4,11,Champions
CUST-01819,90,2,479.23,2,2,1,5,At Risk
CUST-01821,51,1,1832.04,3,1,1,5,At Risk
CUST-01822,27,3,16107.93,3,3,3,9,Growing
CUST-01823,223,1,196.05,1,1,1,3,At Risk
CUST-01824,27,3,17553.31,3,3,3,9,Growing
CUST-01825,1,1,10706.1,4,1,3,8,Occasional
CUST-01826,1,3,48969.27,4,3,4,11,Champions
CUST-01827,51,3,4298.5199999999995,3,3,1,7,Occasional
CUST-01828,223,2,3891.12,1,2,1,4,At Risk
CUST-01829,51,2,4764.64,3,2,1,6,Occasional
CUST-01830,27,5,29762.079999999998,3,4,4,11,Champions
CUST-01831,51,2,489.1,3,2,1,6,Occasional
CUST-01832,27,3,18303.14,3,3,3,9,Growing
CUST-01833,1,2,6822.28,4,2,2,8,Occasional
CUST-01834,27,3,9416.8,3,3,2,8,Occasional
CUST-01835,1,5,43676.45,4,4,4,12,Champions
CUST-01836,1,4,21094.440000000002,4,4,4,12,Champions
CUST-01838,246,2,8884.09,1,2,2,5,At Risk
CUST-01839,1,3,45334.0,4,3,4,11,Champions
CUST-01840,223,1,1049.98,1,1,1,3,At Risk
CUST-01841,51,1,518.92,3,1,1,5,At Risk
CUST-01842,153,2,13554.939999999999,2,2,3,7,Occasional
CUST-01843,295,1,21043.92,1,1,4,6,Occasional
CUST-01844,223,1,771.39,1,1,1,3,At Risk
CUST-01846,178,2,29509.48,1,2,4,7,Occasional
CUST-01847,1,2,15743.07,4,2,3,9,Growing
CUST-01848,202,1,1843.67,1,1,1,3,At Risk
CUST-01849,27,4,14220.43,3,4,3,10,Growing
CUST-01850,27,4,44365.840000000004,3,4,4,11,Champions
CUST-01851,51,2,4485.72,3,2,1,6,Occasional
CUST-01852,27,4,40523.21,3,4,4,11,Champions
CUST-01853,27,4,14527.119999999999,3,4,3,10,Growing
CUST-01854,1,3,20506.39,4,3,4,11,Champions
CUST-01855,27,3,13928.06,3,3,3,9,Growing
CUST-01856,27,2,3582.36,3,2,1,6,Occasional
CUST-01858,27,2,13904.529999999999,3,2,3,8,Occasional
CUST-01859,1,2,5344.21,4,2,2,8,Occasional
CUST-01860,178,1,7560.9,1,1,2,4,At Risk
CUST-01861,1,2,10105.94,4,2,2,8,Occasional
CUST-01862,51,5,16590.26,3,4,3,10,Growing
CUST-01863,115,1,9336.5,2,1,2,5,At Risk
CUST-01864,51,2,2398.51,3,2,1,6,Occasional
CUST-01865,1,2,20772.100000000002,4,2,4,10,Growing
CUST-01866,115,1,3961.63,2,1,1,4,At Risk
CUST-01867,295,1,1162.42,1,1,1,3,At Risk
CUST-01868,90,2,7517.68,2,2,2,6,Occasional
CUST-01869,51,3,25908.28,3,3,4,10,Growing
CUST-01870,223,1,911.34,1,1,1,3,At Risk
CUST-01871,27,3,16113.220000000001,3,3,3,9,Growing
CUST-01873,1,3,22989.29,4,3,4,11,Champions
CUST-01874,269,1,2095.92,1,1,1,3,At Risk
CUST-01875,153,3,22686.77,2,3,4,9,Growing
CUST-01876,269,1,4917.77,1,1,2,4,At Risk
CUST-01878,295,1,10637.16,1,1,3,5,At Risk
CUST-01879,178,2,8932.869999999999,1,2,2,5,At Risk
CUST-01880,1,4,12651.46,4,4,3,11,Champions
CUST-01881,1,3,9777.77,4,3,2,9,Growing
CUST-01882,178,2,21592.11,1,2,4,7,Occasional
CUST-01884,27,2,7006.7699999999995,3,2,2,7,Occasional
CUST-01886,246,2,11287.400000000001,1,2,3,6,Occasional
CUST-01887,51,2,5971.96,3,2,2,7,Occasional
CUST-01888,115,1,8040.05,2,1,2,5,At Risk
CUST-01889,115,2,3944.6899999999996,2,2,1,5,At Risk
CUST-01891,115,1,2889.0,2,1,1,4,At Risk
CUST-01892,1,3,22717.46,4,3,4,11,Champions
CUST-01893,1,4,23031.350000000002,4,4,4,12,Champions
CUST-01894,51,6,40995.39,3,4,4,11,Champions
CUST-01895,153,2,5366.969999999999,2,2,2,6,Occasional
CUST-01897,27,1,6089.46,3,1,2,6,Occasional
CUST-01898,115,2,3805.38,2,2,1,5,At Risk
CUST-01899,27,4,14315.41,3,4,3,10,Growing
CUST-01900,153,2,22601.54,2,2,4,8,Occasional
CUST-01901,295,1,7279.06,1,1,2,4,At Risk
CUST-01902,27,2,1862.93,3,2,1,6,Occasional
CUST-01903,246,1,7567.58,1,1,2,4,At Risk
CUST-01904,115,3,25158.35,2,3,4,9,Growing
CUST-01905,1,2,11481.199999999999,4,2,3,9,Growing
CUST-01906,202,1,2090.45,1,1,1,3,At Risk
CUST-01907,178,2,16764.989999999998,1,2,3,6,Occasional
CUST-01908,1,4,19925.260000000002,4,4,4,12,Champions
CUST-01909,246,2,11421.349999999999,1,2,3,6,Occasional
CUST-01910,115,4,13567.75,2,4,3,9,Growing
CUST-01911,202,2,5699.91,1,2,2,5,At Risk
CUST-01913,246,2,14200.9,1,2,3,6,Occasional
CUST-01914,153,1,11194.48,2,1,3,6,Occasional
CUST-01915,1,6,22304.64,4,4,4,12,Champions
CUST-01917,27,3,6863.389999999999,3,3,2,8,Occasional
CUST-01918,51,5,29369.9,3,4,4,11,Champions
CUST-01919,269,1,5619.34,1,1,2,4,At Risk
CUST-01920,27,3,5327.74,3,3,2,8,Occasional
CUST-01922,51,2,562.2,3,2,1,6,Occasional
CUST-01923,202,2,18221.6,1,2,3,6,Occasional
CUST-01924,51,2,13212.039999999999,3,2,3,8,Occasional
CUST-01925,178,2,14512.7,1,2,3,6,Occasional
CUST-01926,1,3,43015.11,4,3,4,11,Champions
CUST-01927,90,3,16449.850000000002,2,3,3,8,Occasional
CUST-01929,90,2,14730.08,2,2,3,7,Occasional
CUST-01930,90,2,9036.35,2,2,2,6,Occasional
CUST-01931,1,2,34383.79,4,2,4,10,Growing
CUST-01933,51,2,2620.34,3,2,1,6,Occasional
CUST-01935,51,4,10916.3,3,4,3,10,Growing
CUST-01936,90,3,13219.380000000001,2,3,3,8,Occasional
CUST-01937,1,3,30610.519999999997,4,3,4,11,Champions
CUST-01938,295,1,2995.36,1,1,1,3,At Risk
CUST-01939,223,2,2502.84,1,2,1,4,At Risk
CUST-01940,223,2,945.26,1,2,1,4,At Risk
CUST-01941,1,2,12477.47,4,2,3,9,Growing
CUST-01942,51,2,5099.139999999999,3,2,2,7,Occasional
CUST-01943,90,2,4563.52,2,2,1,5,At Risk
CUST-01944,269,1,918.17,1,1,1,3,At Risk
CUST-01945,51,3,25262.760000000002,3,3,4,10,Growing
CUST-01946,90,2,7176.78,2,2,2,6,Occasional
CUST-01947,51,3,15109.26,3,3,3,9,Growing
CUST-01948,1,4,17238.11,4,4,3,11,Champions
CUST-01949,1,4,13219.07,4,4,3,11,Champions
CUST-01950,115,2,19695.07,2,2,4,8,Occasional
CUST-01951,51,5,34663.99,3,4,4,11,Champions
CUST-01953,153,5,38286.130000000005,2,4,4,10,Growing
CUST-01954,27,2,6255.09,3,2,2,7,Occasional
CUST-01955,223,1,2271.54,1,1,1,3,At Risk
CUST-01956,1,4,8251.83,4,4,2,10,Growing
CUST-01957,27,1,3602.51,3,1,1,5,At Risk
CUST-01959,202,1,1970.89,1,1,1,3,At Risk
CUST-01961,1,3,16305.300000000001,4,3,3,10,Growing
CUST-01962,1,3,10452.31,4,3,3,10,Growing
CUST-01963,1,2,22943.02,4,2,4,10,Growing
CUST-01964,115,4,36398.69,2,4,4,10,Growing
CUST-01965,246,1,4247.89,1,1,1,3,At Risk
CUST-01966,295,1,5943.72,1,1,2,4,At Risk
CUST-01967,1,4,11878.82,4,4,3,11,Champions
CUST-01968,223,1,617.85,1,1,1,3,At Risk
CUST-01969,90,2,4592.31,2,2,1,5,At Risk
CUST-01971,27,2,4852.15,3,2,1,6,Occasional
CUST-01972,1,5,26246.979999999996,4,4,4,12,Champions
CUST-01973,295,1,6775.57,1,1,2,4,At Risk
CUST-01974,115,2,8514.76,2,2,2,6,Occasional
CUST-01975,153,1,5862.63,2,1,2,5,At Risk
CUST-01976,178,2,41068.22,1,2,4,7,Occasional
CUST-01977,90,2,3397.49,2,2,1,5,At Risk
CUST-01978,115,2,3103.24,2,2,1,5,At Risk
CUST-01979,1,3,13648.86,4,3,3,10,Growing
CUST-01980,1,4,17643.27,4,4,3,11,Champions
CUST-01982,51,2,939.88,3,2,1,6,Occasional
CUST-01983,246,3,24787.97,1,3,4,8,Occasional
CUST-01984,246,1,5330.07,1,1,2,4,At Risk
CUST-01985,202,1,9939.88,1,1,2,4,At Risk
CUST-01986,115,2,4729.41,2,2,1,5,At Risk
CUST-01988,115,2,6662.68,2,2,2,6,Occasional
CUST-01989,153,2,20977.94,2,2,4,8,Occasional
CUST-01990,202,1,4013.88,1,1,1,3,At Risk
CUST-01991,153,3,12148.11,2,3,3,8,Occasional
CUST-01992,1,1,7819.55,4,1,2,7,Occasional
CUST-01993,51,2,3646.58,3,2,1,6,Occasional
CUST-01994,27,3,13003.490000000002,3,3,3,9,Growing
CUST-01995,178,2,11701.26,1,2,3,6,Occasional
CUST-01996,153,3,70747.58,2,3,4,9,Growing
CUST-01999,223,1,1497.01,1,1,1,3,At Risk
CUST-02000,51,3,5793.79,3,3,2,8,Occasional
CUST-02001,115,3,6859.87,2,3,2,7,Occasional
CUST-02002,115,2,11488.84,2,2,3,7,Occasional
CUST-02004,27,3,11147.919999999998,3,3,3,9,Growing
CUST-02005,115,3,16810.620000000003,2,3,3,8,Occasional
CUST-02006,202,3,7859.08,1,3,2,6,Occasional
CUST-02007,1,4,13434.91,4,4,3,11,Champions
CUST-02008,269,1,10192.63,1,1,2,4,At Risk
CUST-02009,178,3,47133.869999999995,1,3,4,8,Occasional
CUST-02010,295,1,1562.04,1,1,1,3,At Risk
CUST-02011,1,1,25993.84,4,1,4,9,Growing
CUST-02013,27,1,1415.48,3,1,1,5,At Risk
CUST-02014,178,1,6782.73,1,1,2,4,At Risk
CUST-02015,27,2,5789.65,3,2,2,7,Occasional
CUST-02016,269,2,15114.3,1,2,3,6,Occasional
CUST-02017,115,2,16708.93,2,2,3,7,Occasional
CUST-02018,153,3,18942.55,2,3,3,8,Occasional
CUST-02019,1,6,61892.350000000006,4,4,4,12,Champions
CUST-02020,269,1,2956.67,1,1,1,3,At Risk
CUST-02022,90,1,1561.86,2,1,1,4,At Risk
CUST-02023,178,2,11813.18,1,2,3,6,Occasional
CUST-02024,90,1,1881.09,2,1,1,4,At Risk
CUST-02025,1,4,19477.059999999998,4,4,4,12,Champions
CUST-02026,269,1,2884.53,1,1,1,3,At Risk
CUST-02027,1,1,33893.61,4,1,4,9,Growing
CUST-02028,1,2,18133.77,4,2,3,9,Growing
CUST-02029,90,2,1413.4499999999998,2,2,1,5,At Risk
CUST-02030,27,5,40861.740000000005,3,4,4,11,Champions
CUST-02032,1,4,23389.11,4,4,4,12,Champions
CUST-02033,202,2,6730.88,1,2,2,5,At Risk
CUST-02034,27,1,8865.99,3,1,2,6,Occasional
CUST-02035,1,3,36919.57,4,3,4,11,Champions
CUST-02036,1,4,13713.810000000001,4,4,3,11,Champions
CUST-02037,269,1,3453.48,1,1,1,3,At Risk
CUST-02038,90,3,4897.01,2,3,1,6,Occasional
CUST-02040,1,5,19605.81,4,4,4,12,Champions
CUST-02041,178,3,19439.27,1,3,4,8,Occasional
CUST-02042,178,1,15465.68,1,1,3,5,At Risk
CUST-02043,27,5,15115.130000000001,3,4,3,10,Growing
CUST-02045,27,2,1579.81,3,2,1,6,Occasional
CUST-02046,1,2,31111.61,4,2,4,10,Growing
CUST-02047,51,2,1937.77,3,2,1,6,Occasional
CUST-02048,51,2,3576.88,3,2,1,6,Occasional
CUST-02049,51,1,222.12,3,1,1,5,At Risk
CUST-02050,51,3,3066.7,3,3,1,7,Occasional
CUST-02051,153,1,9856.58,2,1,2,5,At Risk
CUST-02052,1,2,10881.5,4,2,3,9,Growing
CUST-02053,178,1,8964.32,1,1,2,4,At Risk
CUST-02054,246,1,2184.92,1,1,1,3,At Risk
CUST-02055,51,3,20453.239999999998,3,3,4,10,Growing
CUST-02056,1,2,12986.35,4,2,3,9,Growing
CUST-02057,27,1,5711.26,3,1,2,6,Occasional
CUST-02058,90,1,1570.26,2,1,1,4,At Risk
CUST-02059,223,2,10330.32,1,2,2,5,At Risk
CUST-02060,27,3,3562.0800000000004,3,3,1,7,Occasional
CUST-02061,115,4,14796.32,2,4,3,9,Growing
CUST-02062,90,3,6865.12,2,3,2,7,Occasional
CUST-02063,269,1,4361.03,1,1,1,3,At Risk
CUST-02064,51,4,9598.76,3,4,2,9,Growing
CUST-02066,1,4,52627.49,4,4,4,12,Champions
CUST-02067,27,3,8882.94,3,3,2,8,Occasional
CUST-02068,269,1,3401.44,1,1,1,3,At Risk
CUST-02069,1,2,18067.8,4,2,3,9,Growing
CUST-02070,153,2,14542.91,2,2,3,7,Occasional
CUST-02071,246,1,2531.88,1,1,1,3,At Risk
CUST-02072,153,1,8299.42,2,1,2,5,At Risk
CUST-02073,1,2,8856.67,4,2,2,8,Occasional
CUST-02074,246,2,5764.73,1,2,2,5,At Risk
CUST-02075,51,2,9472.7,3,2,2,7,Occasional
CUST-02077,51,1,1357.21,3,1,1,5,At Risk
CUST-02078,153,3,40171.43,2,3,4,9,Growing
CUST-02079,1,1,3763.26,4,1,1,6,Occasional
CUST-02080,202,1,734.51,1,1,1,3,At Risk
CUST-02081,115,2,15525.36,2,2,3,7,Occasional
CUST-02082,1,5,67772.51999999999,4,4,4,12,Champions
CUST-02083,90,6,31600.329999999998,2,4,4,10,Growing
CUST-02084,223,1,106.67,1,1,1,3,At Risk
CUST-02085,246,1,1149.38,1,1,1,3,At Risk
CUST-02086,1,2,4995.48,4,2,2,8,Occasional
CUST-02087,27,5,7055.77,3,4,2,9,Growing
CUST-02088,27,3,12798.15,3,3,3,9,Growing
CUST-02089,1,4,26504.82,4,4,4,12,Champions
CUST-02090,51,3,34537.200000000004,3,3,4,10,Growing
CUST-02091,202,2,7603.21,1,2,2,5,At Risk
CUST-02092,27,4,15718.41,3,4,3,10,Growing
CUST-02094,1,3,22385.269999999997,4,3,4,11,Champions
CUST-02095,153,4,19456.55,2,4,4,10,Growing
CUST-02098,1,3,35076.36,4,3,4,11,Champions
CUST-02099,1,3,34434.85,4,3,4,11,Champions
CUST-02100,115,3,26280.199999999997,2,3,4,9,Growing
CUST-02101,51,3,9469.34,3,3,2,8,Occasional
CUST-02102,1,3,34824.16,4,3,4,11,Champions
CUST-02103,1,3,52141.259999999995,4,3,4,11,Champions
CUST-02104,1,3,26704.48,4,3,4,11,Champions
CUST-02105,1,2,26734.390000000003,4,2,4,10,Growing
CUST-02106,51,2,6771.82,3,2,2,7,Occasional
CUST-02107,90,1,9849.09,2,1,2,5,At Risk
CUST-02108,115,2,12867.210000000001,2,2,3,7,Occasional
CUST-02111,246,2,12545.46,1,2,3,6,Occasional
CUST-02112,90,3,5997.73,2,3,2,7,Occasional
CUST-02113,178,1,3886.65,1,1,1,3,At Risk
CUST-02114,90,5,34501.56,2,4,4,10,Growing
CUST-02115,115,3,11647.4,2,3,3,8,Occasional
CUST-02116,1,5,44686.31999999999,4,4,4,12,Champions
CUST-02117,90,3,11575.17,2,3,3,8,Occasional
CUST-02118,90,3,23270.28,2,3,4,9,Growing
CUST-02119,1,7,38654.89,4,4,4,12,Champions
CUST-02120,1,3,25623.97,4,3,4,11,Champions
CUST-02121,51,2,1191.1,3,2,1,6,Occasional
CUST-02122,269,1,1912.99,1,1,1,3,At Risk
CUST-02123,51,2,766.35,3,2,1,6,Occasional
CUST-02124,115,1,2392.69,2,1,1,4,At Risk
CUST-02125,27,3,10511.83,3,3,3,9,Growing
CUST-02126,178,2,15331.390000000001,1,2,3,6,Occasional
CUST-02127,295,1,8603.85,1,1,2,4,At Risk
CUST-02128,51,1,826.52,3,1,1,5,At Risk
CUST-02129,51,1,3389.02,3,1,1,5,At Risk
CUST-02130,202,4,5899.59,1,4,2,7,Occasional
CUST-02131,1,3,10513.880000000001,4,3,3,10,Growing
CUST-02132,1,2,34169.83,4,2,4,10,Growing
CUST-02133,202,2,11151.44,1,2,3,6,Occasional
CUST-02135,153,3,22427.46,2,3,4,9,Growing
CUST-02136,1,1,10690.76,4,1,3,8,Occasional
CUST-02137,202,2,17050.329999999998,1,2,3,6,Occasional
CUST-02138,27,3,9180.99,3,3,2,8,Occasional
CUST-02139,27,4,25638.85,3,4,4,11,Champions
CUST-02141,1,5,15500.2,4,4,3,11,Champions
CUST-02142,1,5,46834.45,4,4,4,12,Champions
CUST-02143,202,1,8737.86,1,1,2,4,At Risk
CUST-02145,51,3,8579.87,3,3,2,8,Occasional
CUST-02146,1,3,30088.129999999997,4,3,4,11,Champions
CUST-02148,178,1,6374.88,1,1,2,4,At Risk
CUST-02149,90,1,5381.44,2,1,2,5,At Risk
CUST-02152,115,1,5754.37,2,1,2,5,At Risk
CUST-02154,153,2,7819.48,2,2,2,6,Occasional
CUST-02155,153,1,7193.48,2,1,2,5,At Risk
CUST-02156,1,3,31472.96,4,3,4,11,Champions
CUST-02158,115,2,20768.670000000002,2,2,4,8,Occasional
CUST-02159,51,1,1359.33,3,1,1,5,At Risk
CUST-02160,51,1,253.07,3,1,1,5,At Risk
CUST-02161,1,2,34903.71,4,2,4,10,Growing
CUST-02162,27,2,4508.18,3,2,1,6,Occasional
CUST-02163,90,4,16759.75,2,4,3,9,Growing
CUST-02164,153,1,20663.94,2,1,4,7,Occasional
CUST-02165,27,2,10869.88,3,2,3,8,Occasional
CUST-02166,90,1,1796.34,2,1,1,4,At Risk
CUST-02167,115,3,10039.93,2,3,2,7,Occasional
CUST-02168,153,3,20214.31,2,3,4,9,Growing
CUST-02169,1,2,29866.47,4,2,4,10,Growing
CUST-02170,27,1,3183.21,3,1,1,5,At Risk
CUST-02171,27,1,10393.22,3,1,3,7,Occasional
CUST-02172,153,3,11240.04,2,3,3,8,Occasional
CUST-02173,153,2,4576.6900000000005,2,2,1,5,At Risk
CUST-02174,51,6,16892.86,3,4,3,10,Growing
CUST-02175,90,3,33095.69,2,3,4,9,Growing
CUST-02176,223,2,6317.85,1,2,2,5,At Risk
CUST-02177,27,2,16772.64,3,2,3,8,Occasional
CUST-02178,178,2,6476.6,1,2,2,5,At Risk
CUST-02179,51,3,4073.23,3,3,1,7,Occasional
CUST-02180,153,3,19274.04,2,3,4,9,Growing
CUST-02181,51,2,2652.91,3,2,1,6,Occasional
CUST-02182,115,3,10741.5,2,3,3,8,Occasional
CUST-02183,153,3,22141.83,2,3,4,9,Growing
CUST-02184,1,3,37080.18,4,3,4,11,Champions
CUST-02185,178,1,16704.31,1,1,3,5,At Risk
CUST-02186,295,1,20247.1,1,1,4,6,Occasional
CUST-02187,51,2,24020.769999999997,3,2,4,9,Growing
CUST-02189,115,2,6408.39,2,2,2,6,Occasional
CUST-02190,202,1,6933.53,1,1,2,4,At Risk
CUST-02191,27,2,13862.1,3,2,3,8,Occasional
CUST-02192,90,2,11192.74,2,2,3,7,Occasional
CUST-02193,1,3,31038.25,4,3,4,11,Champions
CUST-02194,115,2,3472.17,2,2,1,5,At Risk
CUST-02195,202,1,8602.11,1,1,2,4,At Risk
CUST-02196,115,4,11864.02,2,4,3,9,Growing
CUST-02197,115,3,19988.46,2,3,4,9,Growing
CUST-02198,178,2,11796.01,1,2,3,6,Occasional
CUST-02200,90,2,7228.45,2,2,2,6,Occasional
CUST-02202,90,4,6478.8,2,4,2,8,Occasional
CUST-02203,27,4,8262.31,3,4,2,9,Growing
CUST-02204,27,2,57394.53,3,2,4,9,Growing
CUST-02205,27,1,2568.63,3,1,1,5,At Risk
CUST-02206,223,3,18414.77,1,3,3,7,Occasional
CUST-02207,51,4,26109.82,3,4,4,11,Champions
CUST-02208,295,1,17860.44,1,1,3,5,At Risk
CUST-02209,90,3,18795.370000000003,2,3,3,8,Occasional
CUST-02210,246,1,1277.69,1,1,1,3,At Risk
CUST-02211,115,3,10252.09,2,3,2,7,Occasional
CUST-02212,269,1,2228.95,1,1,1,3,At Risk
CUST-02213,115,1,5510.3,2,1,2,5,At Risk
CUST-02214,90,3,17273.85,2,3,3,8,Occasional
CUST-02215,51,3,13835.06,3,3,3,9,Growing
CUST-02216,27,1,3838.58,3,1,1,5,At Risk
CUST-02217,269,1,12152.39,1,1,3,5,At Risk
CUST-02219,295,1,18625.29,1,1,3,5,At Risk
CUST-02220,115,1,3633.14,2,1,1,4,At Risk
CUST-02221,153,1,6198.28,2,1,2,5,At Risk
CUST-02222,246,1,1258.35,1,1,1,3,At Risk
CUST-02223,90,2,2793.38,2,2,1,5,At Risk
CUST-02224,246,2,14353.06,1,2,3,6,Occasional
CUST-02225,1,3,39627.259999999995,4,3,4,11,Champions
CUST-02226,51,2,6535.21,3,2,2,7,Occasional
CUST-02227,90,3,18670.97,2,3,3,8,Occasional
CUST-02228,153,3,20183.91,2,3,4,9,Growing
CUST-02229,27,3,2950.58,3,3,1,7,Occasional
CUST-02231,27,1,1149.17,3,1,1,5,At Risk
CUST-02232,51,3,16615.63,3,3,3,9,Growing
CUST-02233,202,2,6472.639999999999,1,2,2,5,At Risk
CUST-02234,90,4,34580.979999999996,2,4,4,10,Growing
CUST-02235,1,5,19984.54,4,4,4,12,Champions
CUST-02236,178,1,13077.97,1,1,3,5,At Risk
CUST-02237,1,2,16036.529999999999,4,2,3,9,Growing
CUST-02238,51,2,2682.4700000000003,3,2,1,6,Occasional
CUST-02239,115,2,8399.05,2,2,2,6,Occasional
CUST-02240,178,2,26603.760000000002,1,2,4,7,Occasional
CUST-02241,1,5,43769.86,4,4,4,12,Champions
CUST-02242,178,2,11194.67,1,2,3,6,Occasional
CUST-02244,178,3,19048.75,1,3,4,8,Occasional
CUST-02245,1,1,26069.81,4,1,4,9,Growing
CUST-02246,51,1,582.57,3,1,1,5,At Risk
CUST-02247,51,3,28157.530000000002,3,3,4,10,Growing
CUST-02248,90,4,25083.35,2,4,4,10,Growing
CUST-02249,269,1,3656.22,1,1,1,3,At Risk
CUST-02250,1,2,26997.77,4,2,4,10,Growing
CUST-02251,1,4,49439.969999999994,4,4,4,12,Champions
CUST-02253,178,1,29294.57,1,1,4,6,Occasional
CUST-02254,153,1,3533.58,2,1,1,4,At Risk
CUST-02255,1,3,35703.31,4,3,4,11,Champions
CUST-02256,1,2,15379.0,4,2,3,9,Growing
CUST-02258,51,3,6393.55,3,3,2,8,Occasional
CUST-02259,115,2,25318.6,2,2,4,8,Occasional
CUST-02260,202,1,3301.84,1,1,1,3,At Risk
CUST-02261,246,1,575.95,1,1,1,3,At Risk
CUST-02262,51,2,6936.219999999999,3,2,2,7,Occasional
CUST-02263,51,2,5682.75,3,2,2,7,Occasional
CUST-02264,178,2,19872.27,1,2,4,7,Occasional
CUST-02265,90,1,3189.8999999999996,2,1,1,4,At Risk
CUST-02266,27,6,30304.31,3,4,4,11,Champions
CUST-02267,1,4,43542.5,4,4,4,12,Champions
CUST-02268,202,3,24541.559999999998,1,3,4,8,Occasional
CUST-02269,90,2,2657.99,2,2,1,5,At Risk
CUST-02270,1,4,42317.97,4,4,4,12,Champions
CUST-02271,90,3,48607.19,2,3,4,9,Growing
CUST-02272,90,3,29476.4,2,3,4,9,Growing
CUST-02273,51,3,13517.86,3,3,3,9,Growing
CUST-02274,90,2,14017.58,2,2,3,7,Occasional
CUST-02275,51,3,27064.07,3,3,4,10,Growing
CUST-02276,115,4,14317.84,2,4,3,9,Growing
CUST-02277,27,3,35052.96,3,3,4,10,Growing
CUST-02278,90,1,2520.3,2,1,1,4,At Risk
CUST-02279,51,3,12815.26,3,3,3,9,Growing
CUST-02280,153,1,18940.56,2,1,3,6,Occasional
CUST-02282,51,1,726.61,3,1,1,5,At Risk
CUST-02283,1,3,11436.91,4,3,3,10,Growing
CUST-02284,115,3,5494.780000000001,2,3,2,7,Occasional
CUST-02285,115,2,4539.83,2,2,1,5,At Risk
CUST-02286,295,1,2818.96,1,1,1,3,At Risk
CUST-02287,1,2,3755.8500000000004,4,2,1,7,Occasional
CUST-02289,1,3,21870.74,4,3,4,11,Champions
CUST-02290,178,3,25974.5,1,3,4,8,Occasional
CUST-02291,27,2,15805.87,3,2,3,8,Occasional
CUST-02292,90,1,3674.43,2,1,1,4,At Risk
CUST-02293,1,2,12776.65,4,2,3,9,Growing
CUST-02294,27,4,12201.699999999999,3,4,3,10,Growing
CUST-02295,246,1,1684.1,1,1,1,3,At Risk
CUST-02296,1,2,14296.66,4,2,3,9,Growing
CUST-02297,27,2,24314.329999999998,3,2,4,9,Growing
CUST-02298,1,2,20544.300000000003,4,2,4,10,Growing
CUST-02299,1,8,25159.309999999998,4,4,4,12,Champions
CUST-02300,27,3,8257.19,3,3,2,8,Occasional
CUST-02301,115,1,4505.9,2,1,1,4,At Risk
CUST-02302,90,3,12385.58,2,3,3,8,Occasional
CUST-02303,1,6,39809.68,4,4,4,12,Champions
CUST-02305,51,1,573.02,3,1,1,5,At Risk
CUST-02307,153,1,21136.52,2,1,4,7,Occasional
CUST-02308,51,3,10301.26,3,3,2,8,Occasional
CUST-02309,27,1,10309.59,3,1,2,6,Occasional
CUST-02310,178,3,12640.11,1,3,3,7,Occasional
CUST-02311,1,1,12697.97,4,1,3,8,Occasional
CUST-02312,27,2,15413.880000000001,3,2,3,8,Occasional
CUST-02313,1,1,3068.67,4,1,1,6,Occasional
CUST-02314,90,2,8396.289999999999,2,2,2,6,Occasional
CUST-02315,90,3,8151.139999999999,2,3,2,7,Occasional
CUST-02317,90,4,12524.720000000001,2,4,3,9,Growing
CUST-02318,115,2,14203.51,2,2,3,7,Occasional
CUST-02319,153,3,23257.690000000002,2,3,4,9,Growing
CUST-02320,27,3,2680.1800000000003,3,3,1,7,Occasional
CUST-02321,153,3,42974.05,2,3,4,9,Growing
CUST-02323,115,4,19843.58,2,4,4,10,Growing
CUST-02324,27,4,10218.78,3,4,2,9,Growing
CUST-02325,223,3,5714.07,1,3,2,6,Occasional
CUST-02326,178,2,10983.0,1,2,3,6,Occasional
CUST-02327,115,1,9848.94,2,1,2,5,At Risk
CUST-02328,153,1,20059.31,2,1,4,7,Occasional
CUST-02329,1,2,25657.690000000002,4,2,4,10,Growing
CUST-02330,115,3,28842.93,2,3,4,9,Growing
CUST-02331,51,1,268.69,3,1,1,5,At Risk
CUST-02332,90,2,35995.22,2,2,4,8,Occasional
CUST-02333,153,2,7623.25,2,2,2,6,Occasional
CUST-02334,90,3,23215.59,2,3,4,9,Growing
CUST-02335,1,5,25125.98,4,4,4,12,Champions
CUST-02336,115,1,5361.46,2,1,2,5,At Risk
CUST-02337,153,1,22835.04,2,1,4,7,Occasional
CUST-02338,51,3,8082.889999999999,3,3,2,8,Occasional
CUST-02340,90,1,3989.92,2,1,1,4,At Risk
CUST-02341,27,5,14539.23,3,4,3,10,Growing
CUST-02343,90,2,3320.0499999999997,2,2,1,5,At Risk
CUST-02345,27,1,1667.1,3,1,1,5,At Risk
CUST-02346,1,1,3247.23,4,1,1,6,Occasional
CUST-02348,1,3,6348.84,4,3,2,9,Growing
CUST-02349,246,2,10926.32,1,2,3,6,Occasional
CUST-02350,153,3,10386.08,2,3,3,8,Occasional
CUST-02351,1,2,5915.71,4,2,2,8,Occasional
CUST-02352,153,1,3937.12,2,1,1,4,At Risk
CUST-02353,27,1,2206.86,3,1,1,5,At Risk
CUST-02354,153,1,8410.99,2,1,2,5,At Risk
CUST-02355,90,4,16044.33,2,4,3,9,Growing
CUST-02356,223,1,202.22,1,1,1,3,At Risk
CUST-02357,178,2,18235.45,1,2,3,6,Occasional
CUST-02358,223,2,6271.67,1,2,2,5,At Risk
CUST-02359,1,3,28997.9,4,3,4,11,Champions
CUST-02360,153,2,8399.73,2,2,2,6,Occasional
CUST-02361,202,1,5225.37,1,1,2,4,At Risk
CUST-02362,153,3,6473.3099999999995,2,3,2,7,Occasional
CUST-02363,27,1,1043.96,3,1,1,5,At Risk
CUST-02364,51,1,1710.49,3,1,1,5,At Risk
CUST-02365,27,2,2347.49,3,2,1,6,Occasional
CUST-02366,51,1,1263.77,3,1,1,5,At Risk
CUST-02367,27,3,10873.74,3,3,3,9,Growing
CUST-02368,90,2,5022.57,2,2,2,6,Occasional
CUST-02369,202,1,4667.05,1,1,1,3,At Risk
CUST-02370,51,2,6211.39,3,2,2,7,Occasional
CUST-02371,295,1,9218.62,1,1,2,4,At Risk
CUST-02372,1,3,19389.63,4,3,4,11,Champions
CUST-02373,153,3,24040.5,2,3,4,9,Growing
CUST-02376,27,3,7243.08,3,3,2,8,Occasional
CUST-02377,51,3,22160.95,3,3,4,10,Growing
CUST-02378,27,1,2373.53,3,1,1,5,At Risk
CUST-02379,27,3,20366.3,3,3,4,10,Growing
CUST-02380,269,1,18969.0,1,1,3,5,At Risk
CUST-02381,1,4,20743.5,4,4,4,12,Champions
CUST-02382,153,1,1651.6,2,1,1,4,At Risk
CUST-02383,1,1,7649.31,4,1,2,7,Occasional
CUST-02384,90,2,7756.16,2,2,2,6,Occasional
CUST-02385,1,3,38662.35,4,3,4,11,Champions
CUST-02386,1,3,29338.86,4,3,4,11,Champions
CUST-02387,115,3,19828.24,2,3,4,9,Growing
CUST-02388,153,1,10860.7,2,1,3,6,Occasional
CUST-02389,202,2,6671.06,1,2,2,5,At Risk
CUST-02390,27,4,9445.39,3,4,2,9,Growing
CUST-02391,27,2,15697.310000000001,3,2,3,8,Occasional
CUST-02392,1,1,22824.14,4,1,4,9,Growing
CUST-02394,115,1,8174.72,2,1,2,5,At Risk
CUST-02395,223,1,734.55,1,1,1,3,At Risk
CUST-02396,1,2,21157.670000000002,4,2,4,10,Growing
CUST-02397,90,2,11283.87,2,2,3,7,Occasional
CUST-02398,115,3,11339.689999999999,2,3,3,8,Occasional
CUST-02399,27,1,8393.1,3,1,2,6,Occasional
CUST-02400,1,3,21953.65,4,3,4,11,Champions
CUST-02401,51,3,5894.83,3,3,2,8,Occasional
CUST-02402,153,3,7205.69,2,3,2,7,Occasional
CUST-02403,115,2,10877.39,2,2,3,7,Occasional
CUST-02404,51,2,2412.48,3,2,1,6,Occasional
CUST-02405,295,1,11283.92,1,1,3,5,At Risk
CUST-02406,295,1,4073.8,1,1,1,3,At Risk
CUST-02407,1,3,4043.79,4,3,1,8,Occasional
CUST-02408,90,2,7152.030000000001,2,2,2,6,Occasional
CUST-02409,27,1,5766.42,3,1,2,6,Occasional
CUST-02410,1,5,35339.89,4,4,4,12,Champions
CUST-02411,1,2,33594.4,4,2,4,10,Growing
CUST-02413,153,4,23618.85,2,4,4,10,Growing
CUST-02414,27,2,5277.040000000001,3,2,2,7,Occasional
CUST-02415,178,2,14692.869999999999,1,2,3,6,Occasional
CUST-02416,27,3,14819.78,3,3,3,9,Growing
CUST-02417,27,2,6378.42,3,2,2,7,Occasional
CUST-02418,51,4,27697.45,3,4,4,11,Champions
CUST-02421,115,2,9009.33,2,2,2,6,Occasional
CUST-02422,1,3,53000.16,4,3,4,11,Champions
CUST-02423,115,3,11369.07,2,3,3,8,Occasional
CUST-02424,223,1,3032.1,1,1,1,3,At Risk
CUST-02425,202,2,10186.73,1,2,2,5,At Risk
CUST-02426,115,2,15353.119999999999,2,2,3,7,Occasional
CUST-02428,1,2,40345.659999999996,4,2,4,10,Growing
CUST-02429,27,4,21272.5,3,4,4,11,Champions
CUST-02430,27,1,2860.75,3,1,1,5,At Risk
CUST-02431,27,3,11407.9,3,3,3,9,Growing
CUST-02432,51,4,15128.619999999999,3,4,3,10,Growing
CUST-02433,51,3,4910.37,3,3,1,7,Occasional
CUST-02434,246,1,1392.99,1,1,1,3,At Risk
CUST-02435,51,3,9329.55,3,3,2,8,Occasional
CUST-02437,27,1,5739.48,3,1,2,6,Occasional
CUST-02438,51,3,7407.09,3,3,2,8,Occasional
CUST-02440,27,3,10632.15,3,3,3,9,Growing
CUST-02441,246,2,3737.33,1,2,1,4,At Risk
CUST-02442,115,2,15836.11,2,2,3,7,Occasional
CUST-02443,223,1,3268.31,1,1,1,3,At Risk
CUST-02445,153,3,18676.899999999998,2,3,3,8,Occasional
CUST-02446,178,4,13132.44,1,4,3,8,Occasional
CUST-02447,1,1,19135.56,4,1,4,9,Growing
CUST-02448,153,3,9129.25,2,3,2,7,Occasional
CUST-02449,115,3,10651.59,2,3,3,8,Occasional
CUST-02450,223,1,871.14,1,1,1,3,At Risk
CUST-02451,51,4,18678.14,3,4,3,10,Growing
CUST-02452,1,3,20624.35,4,3,4,11,Champions
CUST-02453,202,2,3113.92,1,2,1,4,At Risk
CUST-02454,1,2,10006.27,4,2,2,8,Occasional
CUST-02455,1,3,5946.26,4,3,2,9,Growing
CUST-02456,269,2,5669.05,1,2,2,5,At Risk
CUST-02457,153,2,6557.660000000001,2,2,2,6,Occasional
CUST-02458,27,1,4013.53,3,1,1,5,At Risk
CUST-02459,51,4,4817.01,3,4,1,8,Occasional
CUST-02460,51,2,4745.76,3,2,1,6,Occasional
CUST-02461,90,1,5078.98,2,1,2,5,At Risk
CUST-02462,223,1,2119.63,1,1,1,3,At Risk
CUST-02463,1,2,33268.9,4,2,4,10,Growing
CUST-02464,115,1,5168.41,2,1,2,5,At Risk
CUST-02465,27,3,8308.85,3,3,2,8,Occasional
CUST-02466,178,1,7088.11,1,1,2,4,At Risk
CUST-02467,51,4,18357.55,3,4,3,10,Growing
CUST-02468,1,5,35949.229999999996,4,4,4,12,Champions
CUST-02469,269,1,1905.39,1,1,1,3,At Risk
CUST-02470,202,2,6495.9800000000005,1,2,2,5,At Risk
CUST-02471,1,4,34081.63,4,4,4,12,Champions
CUST-02472,153,3,8931.27,2,3,2,7,Occasional
CUST-02473,27,2,2994.2799999999997,3,2,1,6,Occasional
CUST-02474,27,1,5313.34,3,1,2,6,Occasional
CUST-02475,153,2,4084.5299999999997,2,2,1,5,At Risk
CUST-02476,246,1,5406.07,1,1,2,4,At Risk
CUST-02477,1,4,21977.39,4,4,4,12,Champions
CUST-02478,153,3,21968.12,2,3,4,9,Growing
CUST-02479,90,2,2244.79,2,2,1,5,At Risk
CUST-02480,1,4,51604.84,4,4,4,12,Champions
CUST-02481,51,1,171.29,3,1,1,5,At Risk
CUST-02484,1,5,19457.16,4,4,4,12,Champions
CUST-02485,178,3,13453.69,1,3,3,7,Occasional
CUST-02487,1,2,56923.36,4,2,4,10,Growing
CUST-02488,246,1,1434.16,1,1,1,3,At Risk
CUST-02489,1,4,25318.77,4,4,4,12,Champions
CUST-02490,1,3,36505.0,4,3,4,11,Champions
CUST-02491,1,2,25341.519999999997,4,2,4,10,Growing
CUST-02492,90,2,6422.93,2,2,2,6,Occasional
CUST-02493,1,2,12405.77,4,2,3,9,Growing
CUST-02494,90,3,6971.63,2,3,2,7,Occasional
CUST-02495,269,2,9561.27,1,2,2,5,At Risk
CUST-02496,51,3,22318.09,3,3,4,10,Growing
CUST-02498,27,2,15561.0,3,2,3,8,Occasional
CUST-02499,51,2,6462.2,3,2,2,7,Occasional
CUST-02500,90,2,8673.25,2,2,2,6,Occasional
CUST-02501,153,1,19217.31,2,1,4,7,Occasional
CUST-02502,115,2,12766.869999999999,2,2,3,7,Occasional
CUST-02503,1,4,17308.2,4,4,3,11,Champions
CUST-02504,90,2,12387.65,2,2,3,7,Occasional
CUST-02505,27,4,25268.73,3,4,4,11,Champions
CUST-02506,1,2,37991.53,4,2,4,10,Growing
CUST-02507,223,2,4591.13,1,2,1,4,At Risk
CUST-02508,90,3,36093.75,2,3,4,9,Growing
CUST-02509,27,3,4590.79,3,3,1,7,Occasional
CUST-02510,1,1,6157.47,4,1,2,7,Occasional
CUST-02512,295,1,12927.47,1,1,3,5,At Risk
CUST-02513,51,2,5351.349999999999,3,2,2,7,Occasional
CUST-02514,27,4,16332.87,3,4,3,10,Growing
CUST-02515,269,1,6367.31,1,1,2,4,At Risk
CUST-02516,90,3,46208.7,2,3,4,9,Growing
CUST-02517,115,4,24477.87,2,4,4,10,Growing
CUST-02518,202,1,3453.71,1,1,1,3,At Risk
CUST-02519,27,2,2018.32,3,2,1,6,Occasional
CUST-02520,1,5,40649.38,4,4,4,12,Champions
CUST-02521,51,3,7146.98,3,3,2,8,Occasional
CUST-02523,90,2,8776.16,2,2,2,6,Occasional
CUST-02524,1,1,7732.42,4,1,2,7,Occasional
CUST-02525,223,2,3424.7200000000003,1,2,1,4,At Risk
CUST-02527,90,1,2076.77,2,1,1,4,At Risk
CUST-02528,27,1,3572.61,3,1,1,5,At Risk
CUST-02529,178,1,7874.08,1,1,2,4,At Risk
CUST-02530,153,5,11207.880000000001,2,4,3,9,Growing
CUST-02531,295,1,6315.16,1,1,2,4,At Risk
CUST-02532,115,2,7102.370000000001,2,2,2,6,Occasional
CUST-02533,178,1,5740.94,1,1,2,4,At Risk
CUST-02534,153,3,6594.04,2,3,2,7,Occasional
CUST-02535,202,3,5892.13,1,3,2,6,Occasional
CUST-02536,1,4,11761.830000000002,4,4,3,11,Champions
CUST-02537,1,4,62285.61,4,4,4,12,Champions
CUST-02538,27,3,11372.84,3,3,3,9,Growing
CUST-02539,1,2,31441.67,4,2,4,10,Growing
CUST-02540,115,2,19719.85,2,2,4,8,Occasional
CUST-02541,115,2,6199.780000000001,2,2,2,6,Occasional
CUST-02542,51,2,1821.16,3,2,1,6,Occasional
CUST-02543,246,1,8824.83,1,1,2,4,At Risk
CUST-02544,153,2,20813.059999999998,2,2,4,8,Occasional
CUST-02546,51,3,11353.03,3,3,3,9,Growing
CUST-02547,178,2,15340.56,1,2,3,6,Occasional
CUST-02548,1,2,5869.05,4,2,2,8,Occasional
CUST-02549,51,2,6374.9,3,2,2,7,Occasional
CUST-02550,90,4,21758.440000000002,2,4,4,10,Growing
CUST-02551,178,1,3680.09,1,1,1,3,At Risk
CUST-02553,1,2,8545.970000000001,4,2,2,8,Occasional
CUST-02554,115,2,5096.69,2,2,2,6,Occasional
CUST-02555,295,1,14359.98,1,1,3,5,At Risk
CUST-02556,51,3,3464.4,3,3,1,7,Occasional
CUST-02557,115,1,25538.53,2,1,4,7,Occasional
CUST-02558,51,2,6445.530000000001,3,2,2,7,Occasional
CUST-02559,1,2,16626.62,4,2,3,9,Growing
CUST-02560,27,1,12766.439999999999,3,1,3,7,Occasional
CUST-02561,115,2,9244.51,2,2,2,6,Occasional
CUST-02562,1,2,12105.26,4,2,3,9,Growing
CUST-02563,223,1,2502.92,1,1,1,3,At Risk
CUST-02564,1,2,20334.010000000002,4,2,4,10,Growing
CUST-02565,1,3,35157.07,4,3,4,11,Champions
CUST-02567,178,2,13858.7,1,2,3,6,Occasional
CUST-02568,115,3,33298.06,2,3,4,9,Growing
CUST-02569,27,4,8350.88,3,4,2,9,Growing
CUST-02570,202,1,1516.67,1,1,1,3,At Risk
CUST-02571,178,1,6602.09,1,1,2,4,At Risk
CUST-02574,51,1,776.32,3,1,1,5,At Risk
CUST-02575,1,4,39804.25,4,4,4,12,Champions
CUST-02576,90,2,10738.220000000001,2,2,3,7,Occasional
CUST-02577,1,1,15096.59,4,1,3,8,Occasional
CUST-02578,51,1,791.74,3,1,1,5,At Risk
CUST-02579,246,2,7169.19,1,2,2,5,At Risk
CUST-02580,90,3,5581.139999999999,2,3,2,7,Occasional
CUST-02581,178,2,18516.25,1,2,3,6,Occasional
CUST-02582,153,2,11079.07,2,2,3,7,Occasional
CUST-02583,1,1,32144.19,4,1,4,9,Growing
CUST-02584,27,4,23539.38,3,4,4,11,Champions
CUST-02585,223,1,1059.76,1,1,1,3,At Risk
CUST-02586,27,5,22487.81,3,4,4,11,Champions
CUST-02587,51,4,8068.969999999999,3,4,2,9,Growing
CUST-02588,1,1,4310.78,4,1,1,6,Occasional
CUST-02589,178,2,6993.99,1,2,2,5,At Risk
CUST-02590,27,2,31803.04,3,2,4,9,Growing
CUST-02591,1,3,29492.94,4,3,4,11,Champions
CUST-02592,115,1,2258.25,2,1,1,4,At Risk
CUST-02594,1,3,18244.18,4,3,3,10,Growing
CUST-02595,90,2,4771.58,2,2,1,5,At Risk
CUST-02596,153,2,4133.93,2,2,1,5,At Risk
CUST-02597,223,1,1484.45,1,1,1,3,At Risk
CUST-02598,223,1,636.14,1,1,1,3,At Risk
CUST-02599,1,2,9328.55,4,2,2,8,Occasional
CUST-02600,178,1,6011.87,1,1,2,4,At Risk
CUST-02601,223,1,852.37,1,1,1,3,At Risk
CUST-02602,1,4,21532.57,4,4,4,12,Champions
CUST-02603,1,3,19458.309999999998,4,3,4,11,Champions
CUST-02604,1,3,24904.519999999997,4,3,4,11,Champions
CUST-02605,1,2,7510.09,4,2,2,8,Occasional
CUST-02606,1,1,14694.34,4,1,3,8,Occasional
CUST-02607,27,4,10785.08,3,4,3,10,Growing
CUST-02608,27,2,7611.75,3,2,2,7,Occasional
CUST-02609,1,3,18933.71,4,3,3,10,Growing
CUST-02610,1,5,57283.53,4,4,4,12,Champions
CUST-02612,51,3,17486.55,3,3,3,9,Growing
CUST-02615,27,2,15372.010000000002,3,2,3,8,Occasional
CUST-02616,178,1,26242.36,1,1,4,6,Occasional
CUST-02617,27,4,11332.730000000001,3,4,3,10,Growing
CUST-02618,223,1,1078.59,1,1,1,3,At Risk
CUST-02619,178,2,10227.04,1,2,2,5,At Risk
CUST-02620,1,1,21424.31,4,1,4,9,Growing
CUST-02621,153,3,18378.12,2,3,3,8,Occasional
CUST-02622,115,1,7260.32,2,1,2,5,At Risk
CUST-02624,1,2,6804.93,4,2,2,8,Occasional
CUST-02625,90,2,2976.44,2,2,1,5,At Risk
CUST-02626,246,1,4729.15,1,1,1,3,At Risk
CUST-02627,1,2,13825.81,4,2,3,9,Growing
CUST-02628,27,1,3728.03,3,1,1,5,At Risk
CUST-02629,223,2,3795.8099999999995,1,2,1,4,At Risk
CUST-02630,90,2,16107.07,2,2,3,7,Occasional
CUST-02631,115,3,19255.52,2,3,4,9,Growing
CUST-02632,1,5,41123.36,4,4,4,12,Champions
CUST-02633,1,2,13732.92,4,2,3,9,Growing
CUST-02634,295,1,3964.12,1,1,1,3,At Risk
CUST-02635,90,1,1366.16,2,1,1,4,At Risk
CUST-02636,51,2,2098.92,3,2,1,6,Occasional
CUST-02637,1,1,21870.56,4,1,4,9,Growing
CUST-02638,1,2,33020.94,4,2,4,10,Growing
CUST-02640,115,2,4024.1000000000004,2,2,1,5,At Risk
CUST-02641,246,1,937.51,1,1,1,3,At Risk
CUST-02642,153,2,23882.69,2,2,4,8,Occasional
CUST-02643,115,1,3548.66,2,1,1,4,At Risk
CUST-02644,153,1,1613.4,2,1,1,4,At Risk
CUST-02645,246,2,12146.089999999998,1,2,3,6,Occasional
CUST-02646,1,2,16028.28,4,2,3,9,Growing
CUST-02647,51,2,3847.56,3,2,1,6,Occasional
CUST-02648,269,1,1204.24,1,1,1,3,At Risk
CUST-02649,90,3,8246.130000000001,2,3,2,7,Occasional
CUST-02650,51,4,15079.65,3,4,3,10,Growing
CUST-02651,27,1,7634.08,3,1,2,6,Occasional
CUST-02654,51,5,32393.7,3,4,4,11,Champions
CUST-02657,90,6,22133.67,2,4,4,10,Growing
CUST-02658,51,2,6362.53,3,2,2,7,Occasional
CUST-02659,115,1,3084.05,2,1,1,4,At Risk
CUST-02660,27,3,22773.210000000003,3,3,4,10,Growing
CUST-02661,51,3,8517.56,3,3,2,8,Occasional
CUST-02662,27,2,10825.8,3,2,3,8,Occasional
CUST-02663,90,3,20238.05,2,3,4,9,Growing
CUST-02664,27,4,20335.47,3,4,4,11,Champions
CUST-02665,27,2,4833.24,3,2,1,6,Occasional
CUST-02666,1,1,2644.87,4,1,1,6,Occasional
CUST-02667,27,1,2455.33,3,1,1,5,At Risk
CUST-02668,27,2,8232.039999999999,3,2,2,7,Occasional
CUST-02669,90,3,31173.08,2,3,4,9,Growing
CUST-02670,27,3,15155.08,3,3,3,9,Growing
CUST-02671,51,3,18231.6,3,3,3,9,Growing
CUST-02673,115,4,22571.690000000002,2,4,4,10,Growing
CUST-02674,90,3,8214.47,2,3,2,7,Occasional
CUST-02677,1,2,4848.7,4,2,1,7,Occasional
CUST-02679,27,3,11331.1,3,3,3,9,Growing
CUST-02680,115,1,21013.02,2,1,4,7,Occasional
CUST-02681,51,5,68857.40000000001,3,4,4,11,Champions
CUST-02682,51,2,4423.5599999999995,3,2,1,6,Occasional
CUST-02683,27,3,16386.66,3,3,3,9,Growing
CUST-02684,178,1,37119.62,1,1,4,6,Occasional
CUST-02685,269,1,2064.76,1,1,1,3,At Risk
CUST-02686,51,2,3242.17,3,2,1,6,Occasional
CUST-02688,27,2,11387.95,3,2,3,8,Occasional
CUST-02689,1,2,17253.93,4,2,3,9,Growing
CUST-02690,51,3,38282.77,3,3,4,10,Growing
CUST-02691,115,4,23402.88,2,4,4,10,Growing
CUST-02692,27,5,29269.91,3,4,4,11,Champions
CUST-02693,27,4,17510.329999999998,3,4,3,10,Growing
CUST-02694,27,2,5766.820000000001,3,2,2,7,Occasional
CUST-02695,178,2,8911.35,1,2,2,5,At Risk
CUST-02696,1,5,34978.82,4,4,4,12,Champions
CUST-02697,1,3,24880.760000000002,4,3,4,11,Champions
CUST-02698,1,2,30256.690000000002,4,2,4,10,Growing
CUST-02699,27,2,5735.6,3,2,2,7,Occasional
CUST-02700,27,4,19952.14,3,4,4,11,Champions
CUST-02701,115,2,20990.57,2,2,4,8,Occasional
CUST-02702,178,1,8053.04,1,1,2,4,At Risk
CUST-02703,178,1,7684.53,1,1,2,4,At Risk
CUST-02704,1,3,19549.4,4,3,4,11,Champions
CUST-02705,269,1,2465.26,1,1,1,3,At Risk
CUST-02706,202,2,7996.049999999999,1,2,2,5,At Risk
CUST-02708,178,1,11506.96,1,1,3,5,At Risk
CUST-02709,1,2,27069.45,4,2,4,10,Growing
CUST-02710,51,1,2949.85,3,1,1,5,At Risk
CUST-02711,246,2,4681.07,1,2,1,4,At Risk
CUST-02712,27,4,22869.309999999998,3,4,4,11,Champions
CUST-02713,178,3,14373.63,1,3,3,7,Occasional
CUST-02714,295,1,3714.8,1,1,1,3,At Risk
CUST-02715,1,2,8784.35,4,2,2,8,Occasional
CUST-02716,51,2,15754.67,3,2,3,8,Occasional
CUST-02717,27,4,24147.019999999997,3,4,4,11,Champions
CUST-02718,1,2,6219.52,4,2,2,8,Occasional
CUST-02719,202,2,3243.83,1,2,1,4,At Risk
CUST-02720,51,2,6047.59,3,2,2,7,Occasional
CUST-02721,202,2,899.56,1,2,1,4,At Risk
CUST-02722,51,3,10124.83,3,3,2,8,Occasional
CUST-02723,115,3,19649.559999999998,2,3,4,9,Growing
CUST-02724,269,1,2158.54,1,1,1,3,At Risk
CUST-02726,295,1,3367.82,1,1,1,3,At Risk
CUST-02727,115,4,29384.320000000003,2,4,4,10,Growing
CUST-02728,27,3,8044.41,3,3,2,8,Occasional
CUST-02729,1,3,5014.38,4,3,2,9,Growing
CUST-02730,27,2,2834.79,3,2,1,6,Occasional
CUST-02731,90,4,7708.860000000001,2,4,2,8,Occasional
CUST-02732,1,4,28440.059999999998,4,4,4,12,Champions
CUST-02733,27,4,14311.759999999998,3,4,3,10,Growing
CUST-02735,1,4,19598.8,4,4,4,12,Champions
CUST-02736,178,3,9533.06,1,3,2,6,Occasional
CUST-02737,115,2,14065.130000000001,2,2,3,7,Occasional
CUST-02738,27,5,26538.71,3,4,4,11,Champions
CUST-02740,90,3,3721.46,2,3,1,6,Occasional
CUST-02741,90,3,11138.67,2,3,3,8,Occasional
CUST-02742,202,1,1365.01,1,1,1,3,At Risk
CUST-02743,295,1,2154.36,1,1,1,3,At Risk
CUST-02744,115,3,14188.399999999998,2,3,3,8,Occasional
CUST-02745,1,3,12283.24,4,3,3,10,Growing
CUST-02746,1,3,35975.380000000005,4,3,4,11,Champions
CUST-02747,115,3,5744.44,2,3,2,7,Occasional
CUST-02748,115,1,1573.78,2,1,1,4,At Risk
CUST-02749,295,1,5143.17,1,1,2,4,At Risk
CUST-02750,51,5,20150.62,3,4,4,11,Champions
CUST-02751,178,3,6524.24,1,3,2,6,Occasional
CUST-02752,202,2,4613.6900000000005,1,2,1,4,At Risk
CUST-02753,295,1,8687.1,1,1,2,4,At Risk
CUST-02755,27,1,2122.01,3,1,1,5,At Risk
CUST-02756,115,4,29495.100000000002,2,4,4,10,Growing
CUST-02757,1,2,22702.82,4,2,4,10,Growing
CUST-02758,1,5,46182.37,4,4,4,12,Champions
CUST-02759,153,1,3660.2,2,1,1,4,At Risk
CUST-02760,1,2,21262.39,4,2,4,10,Growing
CUST-02761,1,6,51124.76,4,4,4,12,Champions
CUST-02762,27,2,4004.45,3,2,1,6,Occasional
CUST-02763,27,2,20674.37,3,2,4,9,Growing
CUST-02764,178,1,6218.08,1,1,2,4,At Risk
CUST-02765,178,1,32989.04,1,1,4,6,Occasional
CUST-02766,1,3,17257.02,4,3,3,10,Growing
CUST-02767,153,4,29230.190000000002,2,4,4,10,Growing
CUST-02768,27,1,5658.79,3,1,2,6,Occasional
CUST-02769,90,1,4466.77,2,1,1,4,At Risk
CUST-02770,178,1,15125.82,1,1,3,5,At Risk
CUST-02771,269,1,2112.29,1,1,1,3,At Risk
CUST-02772,51,4,8753.99,3,4,2,9,Growing
CUST-02773,1,1,5918.44,4,1,2,7,Occasional
CUST-02774,27,2,12566.529999999999,3,2,3,8,Occasional
CUST-02775,90,2,4125.07,2,2,1,5,At Risk
CUST-02776,51,4,16032.39,3,4,3,10,Growing
CUST-02777,115,3,27009.21,2,3,4,9,Growing
CUST-02778,1,3,15108.92,4,3,3,10,Growing
CUST-02779,223,1,455.83,1,1,1,3,At Risk
CUST-02780,153,3,10979.619999999999,2,3,3,8,Occasional
CUST-02782,295,1,3011.91,1,1,1,3,At Risk
CUST-02783,1,3,31659.09,4,3,4,11,Champions
CUST-02784,115,2,10672.79,2,2,3,7,Occasional
CUST-02785,51,1,2872.36,3,1,1,5,At Risk
CUST-02786,27,2,16637.9,3,2,3,8,Occasional
CUST-02787,1,3,35986.909999999996,4,3,4,11,Champions
CUST-02788,153,3,10499.2,2,3,3,8,Occasional
CUST-02789,1,5,24734.190000000002,4,4,4,12,Champions
CUST-02790,1,1,29939.76,4,1,4,9,Growing
CUST-02791,223,1,760.65,1,1,1,3,At Risk
CUST-02792,27,1,2394.75,3,1,1,5,At Risk
CUST-02793,51,3,19274.89,3,3,4,10,Growing
CUST-02794,178,1,8047.55,1,1,2,4,At Risk
CUST-02795,51,3,17619.3,3,3,3,9,Growing
CUST-02796,1,5,47007.93,4,4,4,12,Champions
CUST-02797,223,1,817.96,1,1,1,3,At Risk
CUST-02798,115,1,2645.4,2,1,1,4,At Risk
CUST-02799,115,1,7458.01,2,1,2,5,At Risk
CUST-02800,115,2,2090.84,2,2,1,5,At Risk
CUST-02802,1,2,15025.5,4,2,3,9,Growing
CUST-02803,51,3,6288.400000000001,3,3,2,8,Occasional
CUST-02804,153,1,8802.789999999999,2,1,2,5,At Risk
CUST-02805,51,2,14959.07,3,2,3,8,Occasional
CUST-02806,1,1,14862.45,4,1,3,8,Occasional
CUST-02807,51,2,12902.150000000001,3,2,3,8,Occasional
CUST-02808,27,4,19429.32,3,4,4,11,Champions
CUST-02810,115,3,13637.490000000002,2,3,3,8,Occasional
CUST-02811,1,1,4786.28,4,1,1,6,Occasional
CUST-02812,1,3,20465.9,4,3,4,11,Champions
CUST-02813,90,1,1211.39,2,1,1,4,At Risk
CUST-02814,178,1,6438.95,1,1,2,4,At Risk
CUST-02815,153,3,11844.849999999999,2,3,3,8,Occasional
CUST-02816,27,3,13778.97,3,3,3,9,Growing
CUST-02817,115,2,7583.75,2,2,2,6,Occasional
CUST-02818,115,1,5551.46,2,1,2,5,At Risk
CUST-02819,223,3,18379.72,1,3,3,7,Occasional
CUST-02820,1,3,30687.21,4,3,4,11,Champions
CUST-02821,1,5,18996.93,4,4,3,11,Champions
CUST-02822,27,2,4436.33,3,2,1,6,Occasional
CUST-02823,153,3,9608.84,2,3,2,7,Occasional
CUST-02824,1,4,28981.3,4,4,4,12,Champions
CUST-02826,115,2,9060.83,2,2,2,6,Occasional
CUST-02827,223,2,4527.59,1,2,1,4,At Risk
CUST-02828,269,2,8572.96,1,2,2,5,At Risk
CUST-02829,27,2,22362.49,3,2,4,9,Growing
CUST-02830,1,4,20426.14,4,4,4,12,Champions
CUST-02831,115,2,22883.36,2,2,4,8,Occasional
CUST-02832,1,4,35973.4,4,4,4,12,Champions
CUST-02833,1,5,44101.95,4,4,4,12,Champions
CUST-02835,1,7,41224.6,4,4,4,12,Champions
CUST-02836,90,4,15379.239999999998,2,4,3,9,Growing
CUST-02837,223,1,459.75,1,1,1,3,At Risk
CUST-02838,178,5,24422.55,1,4,4,9,Growing
CUST-02839,51,2,6491.87,3,2,2,7,Occasional
CUST-02840,178,3,6693.37,1,3,2,6,Occasional
CUST-02841,295,1,6996.69,1,1,2,4,At Risk
CUST-02842,27,5,14566.33,3,4,3,10,Growing
CUST-02843,1,3,11670.72,4,3,3,10,Growing
CUST-02844,153,1,1884.84,2,1,1,4,At Risk
CUST-02845,269,1,1435.28,1,1,1,3,At Risk
CUST-02847,27,5,26794.0,3,4,4,11,Champions
CUST-02848,27,3,7480.3,3,3,2,8,Occasional
CUST-02849,51,5,28645.4,3,4,4,11,Champions
CUST-02850,115,3,12261.24,2,3,3,8,Occasional
CUST-02851,246,1,6307.87,1,1,2,4,At Risk
CUST-02852,1,1,24864.24,4,1,4,9,Growing
CUST-02855,27,5,13256.85,3,4,3,10,Growing
CUST-02856,51,4,5393.79,3,4,2,9,Growing
CUST-02857,178,2,17023.85,1,2,3,6,Occasional
CUST-02858,269,1,1275.54,1,1,1,3,At Risk
CUST-02859,27,1,2567.8,3,1,1,5,At Risk
CUST-02860,27,4,9472.550000000001,3,4,2,9,Growing
CUST-02861,51,2,14091.869999999999,3,2,3,8,Occasional
CUST-02862,295,1,14020.4,1,1,3,5,At Risk
CUST-02863,1,2,5456.76,4,2,2,8,Occasional
CUST-02864,153,2,3686.0099999999998,2,2,1,5,At Risk
CUST-02865,90,4,18640.9,2,4,3,9,Growing
CUST-02866,269,1,9110.15,1,1,2,4,At Risk
CUST-02867,295,1,2990.41,1,1,1,3,At Risk
CUST-02868,269,1,1213.17,1,1,1,3,At Risk
CUST-02869,27,2,5812.07,3,2,2,7,Occasional
CUST-02870,246,1,4434.4,1,1,1,3,At Risk
CUST-02871,115,2,9661.22,2,2,2,6,Occasional
CUST-02872,295,1,3115.12,1,1,1,3,At Risk
CUST-02873,223,2,2427.65,1,2,1,4,At Risk
CUST-02874,153,3,3441.42,2,3,1,6,Occasional
CUST-02875,27,2,13455.32,3,2,3,8,Occasional
CUST-02876,115,1,5868.54,2,1,2,5,At Risk
CUST-02879,153,2,19082.53,2,2,4,8,Occasional
CUST-02880,1,3,14627.78,4,3,3,10,Growing
CUST-02881,178,1,3638.12,1,1,1,3,At Risk
CUST-02882,51,2,1771.88,3,2,1,6,Occasional
CUST-02883,27,4,35697.659999999996,3,4,4,11,Champions
CUST-02884,90,2,5321.52,2,2,2,6,Occasional
CUST-02885,1,4,32892.39000000001,4,4,4,12,Champions
CUST-02886,90,2,1172.83,2,2,1,5,At Risk
CUST-02887,295,1,2086.28,1,1,1,3,At Risk
CUST-02888,153,1,17837.25,2,1,3,6,Occasional
CUST-02890,27,1,10360.35,3,1,3,7,Occasional
CUST-02891,51,3,6695.97,3,3,2,8,Occasional
CUST-02892,27,2,8150.34,3,2,2,7,Occasional
CUST-02893,115,3,5565.48,2,3,2,7,Occasional
CUST-02894,27,1,14650.75,3,1,3,7,Occasional
CUST-02895,115,2,5521.99,2,2,2,6,Occasional
CUST-02896,27,2,5189.04,3,2,2,7,Occasional
CUST-02898,223,2,2160.61,1,2,1,4,At Risk
CUST-02899,115,2,2967.98,2,2,1,5,At Risk
CUST-02900,153,2,10355.93,2,2,2,6,Occasional
CUST-02901,90,3,28759.55,2,3,4,9,Growing
CUST-02902,90,3,13137.77,2,3,3,8,Occasional
CUST-02903,27,2,23092.6,3,2,4,9,Growing
CUST-02904,1,4,36092.880000000005,4,4,4,12,Champions
CUST-02905,223,2,3510.19,1,2,1,4,At Risk
CUST-02906,1,2,44066.810000000005,4,2,4,10,Growing
CUST-02907,51,3,6939.139999999999,3,3,2,8,Occasional
CUST-02908,115,1,2666.81,2,1,1,4,At Risk
CUST-02909,1,1,25152.59,4,1,4,9,Growing
CUST-02911,27,3,14798.93,3,3,3,9,Growing
CUST-02912,1,3,23012.27,4,3,4,11,Champions
CUST-02913,1,4,8466.41,4,4,2,10,Growing
CUST-02914,27,3,13926.95,3,3,3,9,Growing
CUST-02915,51,1,995.76,3,1,1,5,At Risk
CUST-02917,90,3,22888.35,2,3,4,9,Growing
CUST-02918,178,2,13675.38,1,2,3,6,Occasional
CUST-02919,246,1,1360.47,1,1,1,3,At Risk
CUST-02920,115,3,7489.75,2,3,2,7,Occasional
CUST-02922,27,5,13143.24,3,4,3,10,Growing
CUST-02923,51,2,10615.05,3,2,3,8,Occasional
CUST-02924,51,2,13504.4,3,2,3,8,Occasional
CUST-02926,246,1,1773.47,1,1,1,3,At Risk
CUST-02927,153,3,25169.52,2,3,4,9,Growing
CUST-02929,115,3,5793.49,2,3,2,7,Occasional
CUST-02930,1,1,5888.43,4,1,2,7,Occasional
CUST-02931,178,3,11994.27,1,3,3,7,Occasional
CUST-02932,115,1,6011.9,2,1,2,5,At Risk
CUST-02933,1,5,14769.66,4,4,3,11,Champions
CUST-02934,115,3,21472.190000000002,2,3,4,9,Growing
CUST-02935,246,1,4483.71,1,1,1,3,At Risk
CUST-02936,1,3,4813.98,4,3,1,8,Occasional
CUST-02937,90,4,20502.5,2,4,4,10,Growing
CUST-02938,90,1,1917.86,2,1,1,4,At Risk
CUST-02939,90,1,1378.0,2,1,1,4,At Risk
CUST-02940,115,3,2884.66,2,3,1,6,Occasional
CUST-02941,202,1,1701.6,1,1,1,3,At Risk
CUST-02942,178,2,6322.46,1,2,2,5,At Risk
CUST-02943,223,1,277.54,1,1,1,3,At Risk
CUST-02944,90,1,2900.49,2,1,1,4,At Risk
CUST-02945,269,1,2528.18,1,1,1,3,At Risk
CUST-02947,178,2,16906.45,1,2,3,6,Occasional
CUST-02948,115,2,7229.39,2,2,2,6,Occasional
CUST-02949,153,3,30139.48,2,3,4,9,Growing
CUST-02950,153,2,14369.76,2,2,3,7,Occasional
CUST-02951,27,4,21014.35,3,4,4,11,Champions
CUST-02953,1,5,57721.240000000005,4,4,4,12,Champions
CUST-02954,90,2,5190.54,2,2,2,6,Occasional
CUST-02955,223,2,6462.46,1,2,2,5,At Risk
CUST-02956,202,4,25869.239999999998,1,4,4,9,Growing
CUST-02957,202,3,9551.6,1,3,2,6,Occasional
CUST-02958,1,5,22794.910000000003,4,4,4,12,Champions
CUST-02959,1,2,36807.41,4,2,4,10,Growing
CUST-02960,90,1,2270.8,2,1,1,4,At Risk
CUST-02961,51,4,5505.87,3,4,2,9,Growing
CUST-02962,153,2,12990.05,2,2,3,7,Occasional
CUST-02963,27,4,34744.46,3,4,4,11,Champions
CUST-02964,51,1,795.87,3,1,1,5,At Risk
CUST-02965,178,1,13095.37,1,1,3,5,At Risk
CUST-02966,202,2,3350.2,1,2,1,4,At Risk
CUST-02967,51,1,3166.48,3,1,1,5,At Risk
CUST-02968,1,1,34270.15,4,1,4,9,Growing
CUST-02969,153,1,7182.5,2,1,2,5,At Risk
CUST-02970,115,2,19013.190000000002,2,2,3,7,Occasional
CUST-02971,27,2,2052.63,3,2,1,6,Occasional
CUST-02973,1,2,16856.04,4,2,3,9,Growing
CUST-02974,51,3,22315.07,3,3,4,10,Growing
CUST-02975,1,3,53949.8,4,3,4,11,Champions
CUST-02978,246,1,1939.56,1,1,1,3,At Risk
CUST-02979,246,1,4216.2,1,1,1,3,At Risk
CUST-02980,90,4,9173.16,2,4,2,8,Occasional
CUST-02981,153,2,21969.1,2,2,4,8,Occasional
CUST-02982,90,3,12862.150000000001,2,3,3,8,Occasional
CUST-02983,1,5,6747.62,4,4,2,10,Growing
CUST-02984,27,5,19884.09,3,4,4,11,Champions
CUST-02985,178,2,6983.860000000001,1,2,2,5,At Risk
CUST-02987,115,1,725.28,2,1,1,4,At Risk
CUST-02988,1,3,26824.190000000002,4,3,4,11,Champions
CUST-02989,90,2,5935.8099999999995,2,2,2,6,Occasional
CUST-02990,27,5,19708.39,3,4,4,11,Champions
CUST-02991,115,3,21637.190000000002,2,3,4,9,Growing
CUST-02994,27,3,10056.48,3,3,2,8,Occasional
CUST-02995,115,2,4043.19,2,2,1,5,At Risk
CUST-02996,1,6,35096.69,4,4,4,12,Champions
CUST-02997,51,1,924.55,3,1,1,5,At Risk
CUST-02998,90,2,12462.64,2,2,3,7,Occasional
CUST-02999,1,3,40203.51,4,3,4,11,Champions
CUST-03000,27,2,4895.27,3,2,1,6,Occasional
CUST-03001,1,3,6884.0599999999995,4,3,2,9,Growing
CUST-03002,153,1,2765.27,2,1,1,4,At Risk
CUST-03003,295,1,10249.08,1,1,2,4,At Risk
CUST-03004,90,4,36743.31,2,4,4,10,Growing
CUST-03005,27,5,17053.12,3,4,3,10,Growing
CUST-03006,27,4,6144.59,3,4,2,9,Growing
CUST-03007,115,1,6084.25,2,1,2,5,At Risk
CUST-03009,90,2,10050.73,2,2,2,6,Occasional
CUST-03012,246,2,6088.8099999999995,1,2,2,5,At Risk
CUST-03013,223,2,3613.4399999999996,1,2,1,4,At Risk
CUST-03015,115,2,2742.1000000000004,2,2,1,5,At Risk
CUST-03016,27,2,15378.38,3,2,3,8,Occasional
CUST-03017,27,5,5821.5,3,4,2,9,Growing
CUST-03018,27,2,11422.46,3,2,3,8,Occasional
CUST-03019,1,3,17404.14,4,3,3,10,Growing
CUST-03020,1,2,15227.29,4,2,3,9,Growing
CUST-03021,269,1,4964.97,1,1,2,4,At Risk
CUST-03022,246,2,11046.35,1,2,3,6,Occasional
CUST-03023,90,1,1190.85,2,1,1,4,At Risk
CUST-03024,1,3,10317.78,4,3,2,9,Growing
CUST-03025,153,2,14782.3,2,2,3,7,Occasional
CUST-03026,295,1,17549.61,1,1,3,5,At Risk
CUST-03027,1,5,24424.64,4,4,4,12,Champions
CUST-03028,27,2,12626.310000000001,3,2,3,8,Occasional
CUST-03029,27,2,8982.94,3,2,2,7,Occasional
CUST-03030,223,2,5587.370000000001,1,2,2,5,At Risk
CUST-03031,153,1,2251.47,2,1,1,4,At Risk
CUST-03032,1,3,15641.050000000001,4,3,3,10,Growing
CUST-03033,1,4,32221.230000000003,4,4,4,12,Champions
CUST-03034,27,2,23833.989999999998,3,2,4,9,Growing
CUST-03035,1,4,34225.520000000004,4,4,4,12,Champions
CUST-03036,269,1,1584.65,1,1,1,3,At Risk
CUST-03037,27,3,8684.37,3,3,2,8,Occasional
CUST-03038,90,2,2440.83,2,2,1,5,At Risk
CUST-03039,223,3,9643.43,1,3,2,6,Occasional
CUST-03040,178,2,29679.969999999998,1,2,4,7,Occasional
CUST-03041,153,2,5275.85,2,2,2,6,Occasional
CUST-03042,27,2,4663.96,3,2,1,6,Occasional
CUST-03044,51,2,10359.54,3,2,2,7,Occasional
CUST-03046,202,2,6490.58,1,2,2,5,At Risk
CUST-03047,153,1,19444.82,2,1,4,7,Occasional
CUST-03048,178,3,21943.03,1,3,4,8,Occasional
CUST-03049,1,3,9740.099999999999,4,3,2,9,Growing
CUST-03050,1,3,22658.8,4,3,4,11,Champions
CUST-03051,27,3,5433.3,3,3,2,8,Occasional
CUST-03053,295,1,1630.33,1,1,1,3,At Risk
CUST-03054,1,3,23052.050000000003,4,3,4,11,Champions
CUST-03055,27,3,13609.44,3,3,3,9,Growing
CUST-03056,178,1,12516.53,1,1,3,5,At Risk
CUST-03057,295,1,4756.15,1,1,1,3,At Risk
CUST-03058,51,2,4024.46,3,2,1,6,Occasional
CUST-03059,27,2,3975.31,3,2,1,6,Occasional
CUST-03060,153,3,19859.579999999998,2,3,4,9,Growing
CUST-03061,115,3,18092.44,2,3,3,8,Occasional
CUST-03062,90,3,32594.629999999997,2,3,4,9,Growing
CUST-03063,51,1,496.65,3,1,1,5,At Risk
CUST-03064,153,1,19668.41,2,1,4,7,Occasional
CUST-03065,27,4,14163.5,3,4,3,10,Growing
CUST-03066,178,4,23305.14,1,4,4,9,Growing
CUST-03068,27,7,57382.53,3,4,4,11,Champions
CUST-03069,269,1,2853.22,1,1,1,3,At Risk
CUST-03070,51,1,2513.11,3,1,1,5,At Risk
CUST-03071,269,1,4402.88,1,1,1,3,At Risk
CUST-03072,202,1,9220.17,1,1,2,4,At Risk
CUST-03073,51,3,4276.7699999999995,3,3,1,7,Occasional
CUST-03074,223,3,4886.41,1,3,1,5,At Risk
CUST-03075,27,2,13676.03,3,2,3,8,Occasional
CUST-03076,90,3,9441.439999999999,2,3,2,7,Occasional
CUST-03077,90,1,2396.46,2,1,1,4,At Risk
CUST-03078,115,4,16085.939999999999,2,4,3,9,Growing
CUST-03079,115,2,13015.18,2,2,3,7,Occasional
CUST-03080,51,1,470.96,3,1,1,5,At Risk
CUST-03081,1,2,31233.31,4,2,4,10,Growing
CUST-03082,27,3,9328.43,3,3,2,8,Occasional
CUST-03083,51,1,753.39,3,1,1,5,At Risk
CUST-03084,27,2,7451.69,3,2,2,7,Occasional
CUST-03085,51,4,14425.32,3,4,3,10,Growing
CUST-03086,1,4,20623.96,4,4,4,12,Champions
CUST-03087,178,2,24006.309999999998,1,2,4,7,Occasional
CUST-03088,1,3,11165.84,4,3,3,10,Growing
CUST-03089,223,1,925.81,1,1,1,3,At Risk
CUST-03090,178,3,14286.65,1,3,3,7,Occasional
CUST-03092,223,1,2514.34,1,1,1,3,At Risk
CUST-03093,1,2,29128.559999999998,4,2,4,10,Growing
CUST-03094,90,3,5690.98,2,3,2,7,Occasional
CUST-03095,223,3,9748.16,1,3,2,6,Occasional
CUST-03096,51,3,18309.440000000002,3,3,3,9,Growing
CUST-03097,51,1,239.82,3,1,1,5,At Risk
CUST-03098,223,2,4719.97,1,2,1,4,At Risk
CUST-03099,153,2,5140.83,2,2,2,6,Occasional
CUST-03100,269,1,1210.33,1,1,1,3,At Risk
CUST-03101,51,2,10050.56,3,2,2,7,Occasional
CUST-03102,51,3,6169.16,3,3,2,8,Occasional
CUST-03103,51,4,20436.68,3,4,4,11,Champions
CUST-03104,115,4,16542.47,2,4,3,9,Growing
CUST-03105,90,4,21685.79,2,4,4,10,Growing
CUST-03106,90,2,5635.32,2,2,2,6,Occasional
CUST-03107,295,1,3262.53,1,1,1,3,At Risk
CUST-03108,115,2,2612.84,2,2,1,5,At Risk
CUST-03110,90,3,4723.16,2,3,1,6,Occasional
CUST-03111,178,2,9787.810000000001,1,2,2,5,At Risk
CUST-03112,27,4,4225.1,3,4,1,8,Occasional
CUST-03113,51,4,7589.89,3,4,2,9,Growing
CUST-03114,27,1,3533.26,3,1,1,5,At Risk
CUST-03116,115,2,8243.77,2,2,2,6,Occasional
CUST-03117,51,1,683.01,3,1,1,5,At Risk
CUST-03118,246,1,1006.9,1,1,1,3,At Risk
CUST-03119,1,3,31610.93,4,3,4,11,Champions
CUST-03120,27,3,17496.3,3,3,3,9,Growing
CUST-03121,153,1,9383.12,2,1,2,5,At Risk
CUST-03123,27,4,17215.43,3,4,3,10,Growing
CUST-03124,1,2,20815.92,4,2,4,10,Growing
CUST-03125,1,5,19522.46,4,4,4,12,Champions
CUST-03126,1,1,9976.42,4,1,2,7,Occasional
CUST-03127,51,3,35374.44,3,3,4,10,Growing
CUST-03128,1,3,21762.23,4,3,4,11,Champions
CUST-03129,153,2,24547.219999999998,2,2,4,8,Occasional
CUST-03130,90,2,7938.09,2,2,2,6,Occasional
CUST-03131,153,1,5640.86,2,1,2,5,At Risk
CUST-03132,90,2,7059.23,2,2,2,6,Occasional
CUST-03133,202,2,3186.48,1,2,1,4,At Risk
CUST-03134,223,1,2102.95,1,1,1,3,At Risk
CUST-03135,27,1,3073.0,3,1,1,5,At Risk
CUST-03136,178,2,14586.43,1,2,3,6,Occasional
CUST-03137,115,2,8324.060000000001,2,2,2,6,Occasional
CUST-03138,27,3,10878.22,3,3,3,9,Growing
CUST-03139,223,2,3186.26,1,2,1,4,At Risk
CUST-03140,153,2,10825.21,2,2,3,7,Occasional
CUST-03141,1,4,17115.31,4,4,3,11,Champions
CUST-03142,153,2,21029.620000000003,2,2,4,8,Occasional
CUST-03143,1,2,35174.09,4,2,4,10,Growing
CUST-03144,90,3,19433.55,2,3,4,9,Growing
CUST-03145,27,4,22487.66,3,4,4,11,Champions
CUST-03146,1,3,8602.26,4,3,2,9,Growing
CUST-03147,51,5,30286.929999999997,3,4,4,11,Champions
CUST-03148,202,1,1906.83,1,1,1,3,At Risk
CUST-03149,115,2,1757.25,2,2,1,5,At Risk
CUST-03151,295,1,12774.49,1,1,3,5,At Risk
CUST-03152,90,3,18129.02,2,3,3,8,Occasional
CUST-03154,115,1,10653.31,2,1,3,6,Occasional
CUST-03155,1,2,33102.14,4,2,4,10,Growing
CUST-03156,178,1,4930.66,1,1,2,4,At Risk
CUST-03157,202,3,25591.32,1,3,4,8,Occasional
CUST-03160,153,2,13032.19,2,2,3,7,Occasional
CUST-03161,51,5,17445.9,3,4,3,10,Growing
CUST-03162,1,4,59970.01,4,4,4,12,Champions
CUST-03163,115,3,15793.32,2,3,3,8,Occasional
CUST-03164,153,2,20132.37,2,2,4,8,Occasional
CUST-03166,90,3,14664.810000000001,2,3,3,8,Occasional
CUST-03167,27,3,32526.629999999997,3,3,4,10,Growing
CUST-03168,1,3,27767.149999999998,4,3,4,11,Champions
CUST-03169,1,3,21889.78,4,3,4,11,Champions
CUST-03170,51,5,13177.779999999999,3,4,3,10,Growing
CUST-03171,295,1,5857.68,1,1,2,4,At Risk
CUST-03172,51,2,5727.04,3,2,2,7,Occasional
CUST-03173,1,3,31452.800000000003,4,3,4,11,Champions
CUST-03174,246,1,2293.23,1,1,1,3,At Risk
CUST-03176,51,2,7655.86,3,2,2,7,Occasional
CUST-03177,90,2,2957.6400000000003,2,2,1,5,At Risk
CUST-03178,51,2,4618.03,3,2,1,6,Occasional
CUST-03179,153,1,3170.22,2,1,1,4,At Risk
CUST-03180,115,1,8036.15,2,1,2,5,At Risk
CUST-03181,115,1,3020.1,2,1,1,4,At Risk
CUST-03182,90,2,4698.03,2,2,1,5,At Risk
CUST-03183,269,1,1612.12,1,1,1,3,At Risk
CUST-03184,115,1,13238.66,2,1,3,6,Occasional
CUST-03185,51,3,10212.09,3,3,2,8,Occasional
CUST-03186,90,1,3680.22,2,1,1,4,At Risk
CUST-03187,1,1,14935.18,4,1,3,8,Occasional
CUST-03188,27,5,42458.68,3,4,4,11,Champions
CUST-03189,1,2,27399.34,4,2,4,10,Growing
CUST-03190,269,1,4435.32,1,1,1,3,At Risk
CUST-03191,27,4,20710.28,3,4,4,11,Champions
CUST-03193,1,4,31745.71,4,4,4,12,Champions
CUST-03194,27,3,16301.77,3,3,3,9,Growing
CUST-03195,153,3,12206.970000000001,2,3,3,8,Occasional
CUST-03196,178,3,14151.1,1,3,3,7,Occasional
CUST-03197,223,1,2582.72,1,1,1,3,At Risk
CUST-03198,115,3,3674.96,2,3,1,6,Occasional
CUST-03199,1,4,30756.75,4,4,4,12,Champions
CUST-03200,1,2,19853.940000000002,4,2,4,10,Growing
CUST-03201,27,2,16236.27,3,2,3,8,Occasional
CUST-03203,1,2,12943.18,4,2,3,9,Growing
CUST-03204,202,1,9687.39,1,1,2,4,At Risk
CUST-03205,1,4,23415.82,4,4,4,12,Champions
CUST-03206,202,2,11374.06,1,2,3,6,Occasional
CUST-03207,1,3,10936.56,4,3,3,10,Growing
CUST-03208,27,4,9343.18,3,4,2,9,Growing
CUST-03209,1,2,32165.739999999998,4,2,4,10,Growing
CUST-03210,51,3,4531.35,3,3,1,7,Occasional
CUST-03211,115,1,10569.76,2,1,3,6,Occasional
CUST-03214,51,1,1046.89,3,1,1,5,At Risk
CUST-03215,1,6,22026.89,4,4,4,12,Champions
CUST-03216,27,3,15146.33,3,3,3,9,Growing
CUST-03217,90,4,15044.24,2,4,3,9,Growing
CUST-03219,51,2,6660.56,3,2,2,7,Occasional
CUST-03220,223,1,321.28,1,1,1,3,At Risk
CUST-03221,246,1,774.25,1,1,1,3,At Risk
CUST-03222,115,1,2932.02,2,1,1,4,At Risk
CUST-03223,295,1,3372.82,1,1,1,3,At Risk
CUST-03224,1,5,39619.61,4,4,4,12,Champions
CUST-03225,51,2,5033.15,3,2,2,7,Occasional
CUST-03227,115,3,21718.33,2,3,4,9,Growing
CUST-03228,1,3,30542.109999999997,4,3,4,11,Champions
CUST-03230,27,2,2214.0299999999997,3,2,1,6,Occasional
CUST-03232,1,5,14075.92,4,4,3,11,Champions
CUST-03233,115,1,2860.45,2,1,1,4,At Risk
CUST-03234,1,2,6749.74,4,2,2,8,Occasional
CUST-03235,1,2,18584.9,4,2,3,9,Growing
CUST-03236,51,2,5445.0599999999995,3,2,2,7,Occasional
CUST-03237,115,3,10839.72,2,3,3,8,Occasional
CUST-03238,27,4,12244.52,3,4,3,10,Growing
CUST-03239,90,4,38766.35,2,4,4,10,Growing
CUST-03240,27,2,5726.8,3,2,2,7,Occasional
CUST-03241,1,3,22622.739999999998,4,3,4,11,Champions
CUST-03242,1,2,12929.75,4,2,3,9,Growing
CUST-03243,27,3,23471.11,3,3,4,10,Growing
CUST-03244,90,2,6043.11,2,2,2,6,Occasional
CUST-03245,246,1,7068.74,1,1,2,4,At Risk
CUST-03246,27,4,10818.119999999999,3,4,3,10,Growing
CUST-03247,115,2,4004.18,2,2,1,5,At Risk
CUST-03249,153,2,23568.52,2,2,4,8,Occasional
CUST-03250,178,3,28483.14,1,3,4,8,Occasional
CUST-03251,51,3,5687.3,3,3,2,8,Occasional
CUST-03252,1,4,17044.85,4,4,3,11,Champions
CUST-03253,295,1,5244.38,1,1,2,4,At Risk
CUST-03254,178,2,10634.66,1,2,3,6,Occasional
CUST-03255,90,1,6209.58,2,1,2,5,At Risk
CUST-03256,51,2,6010.469999999999,3,2,2,7,Occasional
CUST-03257,178,3,33401.14,1,3,4,8,Occasional
CUST-03258,295,1,33011.69,1,1,4,6,Occasional
CUST-03259,1,2,15363.09,4,2,3,9,Growing
CUST-03260,27,4,33239.369999999995,3,4,4,11,Champions
CUST-03261,51,1,623.92,3,1,1,5,At Risk
CUST-03262,27,3,4442.77,3,3,1,7,Occasional
CUST-03263,27,4,22834.52,3,4,4,11,Champions
CUST-03265,51,2,2396.24,3,2,1,6,Occasional
CUST-03266,90,1,2797.16,2,1,1,4,At Risk
CUST-03267,153,1,4306.48,2,1,1,4,At Risk
CUST-03268,51,2,7593.74,3,2,2,7,Occasional
CUST-03269,90,3,7124.4,2,3,2,7,Occasional
CUST-03270,153,1,2630.78,2,1,1,4,At Risk
CUST-03271,51,2,6588.91,3,2,2,7,Occasional
CUST-03272,202,1,1264.32,1,1,1,3,At Risk
CUST-03273,115,2,7094.8,2,2,2,6,Occasional
CUST-03274,1,3,24509.11,4,3,4,11,Champions
CUST-03275,153,3,39286.93,2,3,4,9,Growing
CUST-03276,223,2,3458.04,1,2,1,4,At Risk
CUST-03277,202,2,5945.68,1,2,2,5,At Risk
CUST-03278,153,1,9388.9,2,1,2,5,At Risk
CUST-03279,27,2,8893.369999999999,3,2,2,7,Occasional
CUST-03280,51,2,14241.410000000002,3,2,3,8,Occasional
CUST-03282,1,2,6165.7,4,2,2,8,Occasional
CUST-03283,178,1,7998.06,1,1,2,4,At Risk
CUST-03284,223,1,1170.1,1,1,1,3,At Risk
CUST-03285,1,3,41846.56,4,3,4,11,Champions
CUST-03286,223,2,1919.0700000000002,1,2,1,4,At Risk
CUST-03287,202,2,6940.54,1,2,2,5,At Risk
CUST-03288,178,3,10268.25,1,3,2,6,Occasional
CUST-03289,269,1,1441.77,1,1,1,3,At Risk
CUST-03290,1,1,23411.36,4,1,4,9,Growing
CUST-03291,27,2,2406.2,3,2,1,6,Occasional
CUST-03292,51,4,9983.43,3,4,2,9,Growing
CUST-03293,90,1,1043.89,2,1,1,4,At Risk
CUST-03294,1,3,14783.63,4,3,3,10,Growing
CUST-03295,90,3,8344.46,2,3,2,7,Occasional
CUST-03296,51,2,6234.76,3,2,2,7,Occasional
CUST-03297,1,3,9993.05,4,3,2,9,Growing
CUST-03298,51,1,813.97,3,1,1,5,At Risk
CUST-03299,1,5,22148.510000000002,4,4,4,12,Champions
CUST-03300,27,4,26697.17,3,4,4,11,Champions
CUST-03302,202,1,7553.83,1,1,2,4,At Risk
CUST-03303,27,3,6695.889999999999,3,3,2,8,Occasional
CUST-03304,1,3,18251.300000000003,4,3,3,10,Growing
CUST-03306,115,2,10723.140000000001,2,2,3,7,Occasional
CUST-03307,202,1,7506.66,1,1,2,4,At Risk
CUST-03308,295,1,6043.8,1,1,2,4,At Risk
CUST-03309,153,2,5856.049999999999,2,2,2,6,Occasional
CUST-03310,51,1,1302.86,3,1,1,5,At Risk
CUST-03311,153,3,49461.83,2,3,4,9,Growing
CUST-03312,1,3,36443.409999999996,4,4,4,12,Champions
CUST-03313,51,2,3351.1800000000003,3,2,1,6,Occasional
CUST-03314,51,3,16236.169999999998,3,4,3,10,Growing
CUST-03315,90,1,6311.97,2,1,2,5,At Risk
CUST-03316,153,2,11658.91,2,2,3,7,Occasional
CUST-03317,1,1,7598.5,4,1,2,7,Occasional
CUST-03318,51,1,2915.29,3,1,1,5,At Risk
CUST-03319,115,4,33291.67,2,4,4,10,Growing
CUST-03320,223,2,3257.03,1,2,1,4,At Risk
CUST-03321,27,3,17419.059999999998,3,4,3,10,Growing
CUST-03322,1,3,26749.760000000002,4,4,4,12,Champions
CUST-03323,1,2,7308.799999999999,4,2,2,8,Occasional
CUST-03324,202,2,5260.7,1,2,2,5,At Risk
CUST-03325,269,2,16668.93,1,2,3,6,Occasional
CUST-03326,246,2,2305.55,1,2,1,4,At Risk
CUST-03327,27,5,45062.46,3,4,4,11,Champions
CUST-03328,90,2,1928.84,2,2,1,5,At Risk
CUST-03329,202,1,8884.04,1,1,2,4,At Risk
CUST-03330,178,1,17578.53,1,1,3,5,At Risk
CUST-03331,1,2,5507.9400000000005,4,2,2,8,Occasional
CUST-03332,1,3,23425.51,4,4,4,12,Champions
CUST-03333,223,1,492.81,1,1,1,3,At Risk
CUST-03334,1,3,22909.0,4,4,4,12,Champions
CUST-03335,202,2,11854.71,1,2,3,6,Occasional
CUST-03336,51,4,25402.11,3,4,4,11,Champions
CUST-03338,115,2,6798.030000000001,2,2,2,6,Occasional
CUST-03339,27,4,13006.3,3,4,3,10,Growing
CUST-03340,27,2,12296.060000000001,3,2,3,8,Occasional
CUST-03341,178,1,10676.6,1,1,3,5,At Risk
CUST-03342,1,2,26925.11,4,2,4,10,Growing
CUST-03343,1,4,25492.190000000002,4,4,4,12,Champions
CUST-03344,115,3,38455.259999999995,2,4,4,10,Growing
CUST-03345,27,4,41229.67,3,4,4,11,Champions
CUST-03346,153,3,39522.630000000005,2,4,4,10,Growing
CUST-03347,246,1,2040.15,1,1,1,3,At Risk
CUST-03348,178,1,5076.56,1,1,2,4,At Risk
CUST-03350,51,3,3736.83,3,4,1,8,Occasional
CUST-03351,115,1,9231.68,2,1,2,5,At Risk
CUST-03352,178,1,2967.34,1,1,1,3,At Risk
CUST-03353,27,3,7909.219999999999,3,4,2,9,Growing
CUST-03354,1,1,15709.05,4,1,3,8,Occasional
CUST-03356,27,3,7185.790000000001,3,4,2,9,Growing
CUST-03357,115,3,18076.7,2,4,3,9,Growing
CUST-03358,27,3,20360.71,3,4,4,11,Champions
CUST-03359,115,1,3962.43,2,1,1,4,At Risk
CUST-03360,90,5,21554.08,2,4,4,10,Growing
CUST-03361,223,1,1540.08,1,1,1,3,At Risk
CUST-03362,178,2,6547.07,1,2,2,5,At Risk
CUST-03364,246,1,1870.78,1,1,1,3,At Risk
CUST-03365,27,4,13985.990000000002,3,4,3,10,Growing
CUST-03366,178,3,15599.150000000001,1,4,3,8,Occasional
CUST-03367,90,2,11790.86,2,2,3,7,Occasional
CUST-03369,202,2,7100.44,1,2,2,5,At Risk
CUST-03370,51,3,6044.900000000001,3,4,2,9,Growing
CUST-03371,27,2,3623.5,3,2,1,6,Occasional
CUST-03372,27,2,10216.41,3,2,2,7,Occasional
CUST-03373,1,3,9473.529999999999,4,4,2,10,Growing
CUST-03374,51,2,3917.6,3,2,1,6,Occasional
CUST-03375,178,2,14377.96,1,2,3,6,Occasional
CUST-03376,1,1,7372.74,4,1,2,7,Occasional
CUST-03377,115,4,16861.66,2,4,3,9,Growing
CUST-03378,246,2,12296.89,1,2,3,6,Occasional
CUST-03379,27,5,21851.02,3,4,4,11,Champions
CUST-03380,90,2,15938.77,2,2,3,7,Occasional
CUST-03381,153,2,6300.49,2,2,2,6,Occasional
CUST-03382,90,4,14105.08,2,4,3,9,Growing
CUST-03383,27,1,6203.21,3,1,2,6,Occasional
CUST-03384,115,3,35591.51,2,4,4,10,Growing
CUST-03385,223,1,1056.07,1,1,1,3,At Risk
CUST-03386,1,4,34975.35,4,4,4,12,Champions
CUST-03387,153,1,3252.55,2,1,1,4,At Risk
CUST-03388,51,3,9421.689999999999,3,4,2,9,Growing
CUST-03389,153,1,14426.89,2,1,3,6,Occasional
CUST-03390,153,2,7907.3,2,2,2,6,Occasional
CUST-03391,27,1,9620.84,3,1,2,6,Occasional
CUST-03394,115,2,32432.85,2,2,4,8,Occasional
CUST-03395,178,1,26740.42,1,1,4,6,Occasional
CUST-03396,153,1,4607.27,2,1,1,4,At Risk
CUST-03397,27,1,5504.68,3,1,2,6,Occasional
CUST-03398,153,3,26278.140000000003,2,4,4,10,Growing
CUST-03399,269,1,10801.0,1,1,3,5,At Risk
CUST-03400,27,2,28651.710000000003,3,2,4,9,Growing
CUST-03401,27,1,2492.85,3,1,1,5,At Risk
CUST-03402,51,1,1298.63,3,1,1,5,At Risk
CUST-03404,1,4,43962.58,4,4,4,12,Champions
CUST-03405,269,1,2307.63,1,1,1,3,At Risk
CUST-03406,153,2,7648.82,2,2,2,6,Occasional
CUST-03408,1,2,16135.150000000001,4,2,3,9,Growing
CUST-03409,27,4,12366.67,3,4,3,10,Growing
CUST-03411,51,5,24393.67,3,4,4,11,Champions
CUST-03412,202,2,33434.43,1,2,4,7,Occasional
CUST-03413,202,1,2730.3,1,1,1,3,At Risk
CUST-03414,1,2,10628.81,4,2,3,9,Growing
CUST-03415,295,1,2308.55,1,1,1,3,At Risk
CUST-03416,153,1,18769.78,2,1,3,6,Occasional
CUST-03417,1,4,28463.989999999998,4,4,4,12,Champions
CUST-03418,1,4,7765.9800000000005,4,4,2,10,Growing
CUST-03419,51,3,19797.92,3,4,4,11,Champions
CUST-03420,27,2,5829.91,3,2,2,7,Occasional
CUST-03421,269,2,18700.98,1,2,3,6,Occasional
CUST-03422,202,1,9494.04,1,1,2,4,At Risk
CUST-03423,1,4,15917.04,4,4,3,11,Champions
CUST-03424,1,3,16895.85,4,4,3,11,Champions
CUST-03425,295,1,14404.47,1,1,3,5,At Risk
CUST-03426,51,2,4420.4400000000005,3,2,1,6,Occasional
CUST-03427,27,3,7008.55,3,4,2,9,Growing
CUST-03428,90,5,37490.14,2,4,4,10,Growing
CUST-03431,51,2,1729.66,3,2,1,6,Occasional
CUST-03432,115,2,12236.93,2,2,3,7,Occasional
CUST-03433,1,1,29268.420000000002,4,1,4,9,Growing
CUST-03435,51,2,9279.64,3,2,2,7,Occasional
CUST-03436,246,1,2738.75,1,1,1,3,At Risk
CUST-03437,153,1,1619.6,2,1,1,4,At Risk
CUST-03438,1,3,41061.47,4,4,4,12,Champions
CUST-03439,27,4,14928.009999999998,3,4,3,10,Growing
CUST-03440,115,2,20194.36,2,2,4,8,Occasional
CUST-03441,51,2,7731.8,3,2,2,7,Occasional
CUST-03442,27,3,13526.71,3,4,3,10,Growing
CUST-03444,27,5,28576.46,3,4,4,11,Champions
CUST-03445,223,1,2448.38,1,1,1,3,At Risk
CUST-03446,1,3,22310.13,4,4,4,12,Champions
CUST-03447,1,4,37046.76,4,4,4,12,Champions
CUST-03448,1,4,16998.25,4,4,3,11,Champions
CUST-03449,115,1,9570.98,2,1,2,5,At Risk
CUST-03450,115,2,11974.4,2,2,3,7,Occasional
CUST-03451,27,1,905.64,3,1,1,5,At Risk
CUST-03452,202,2,4338.65,1,2,1,4,At Risk
CUST-03453,153,2,14048.33,2,2,3,7,Occasional
CUST-03454,1,3,44112.130000000005,4,4,4,12,Champions
CUST-03455,1,3,19739.02,4,4,4,12,Champions
CUST-03456,153,2,22862.6,2,2,4,8,Occasional
CUST-03457,27,1,4096.08,3,1,1,5,At Risk
CUST-03458,27,3,5138.58,3,4,2,9,Growing
CUST-03460,1,2,20192.91,4,2,4,10,Growing
CUST-03461,1,5,22572.98,4,4,4,12,Champions
CUST-03462,51,2,10489.34,3,2,3,8,Occasional
CUST-03463,178,2,14959.01,1,2,3,6,Occasional
CUST-03464,51,3,39705.02,3,4,4,11,Champions
CUST-03465,202,2,10292.26,1,2,2,5,At Risk
CUST-03466,178,2,18918.43,1,2,3,6,Occasional
CUST-03467,27,4,6938.01,3,4,2,9,Growing
CUST-03468,90,3,11303.8,2,4,3,9,Growing
CUST-03469,178,2,12702.55,1,2,3,6,Occasional
CUST-03470,153,1,10521.96,2,1,3,6,Occasional
CUST-03471,51,2,2445.14,3,2,1,6,Occasional
CUST-03472,1,6,28252.989999999998,4,4,4,12,Champions
CUST-03473,27,2,6329.73,3,2,2,7,Occasional
CUST-03474,1,2,19321.68,4,2,4,10,Growing
CUST-03475,27,6,19097.73,3,4,4,11,Champions
CUST-03476,51,3,4783.5,3,4,1,8,Occasional
CUST-03477,90,4,22733.17,2,4,4,10,Growing
CUST-03478,115,3,40110.43,2,4,4,10,Growing
CUST-03479,202,1,2346.38,1,1,1,3,At Risk
CUST-03480,202,2,8528.1,1,2,2,5,At Risk
CUST-03481,223,1,432.14,1,1,1,3,At Risk
CUST-03482,1,2,7569.03,4,2,2,8,Occasional
CUST-03483,246,1,755.28,1,1,1,3,At Risk
CUST-03484,51,3,18305.43,3,4,3,10,Growing
CUST-03485,115,2,7236.58,2,2,2,6,Occasional
CUST-03486,178,1,14377.62,1,1,3,5,At Risk
CUST-03487,153,2,8193.79,2,2,2,6,Occasional
CUST-03488,153,1,17575.55,2,1,3,6,Occasional
CUST-03489,1,3,9284.3,4,4,2,10,Growing
CUST-03490,51,3,27310.17,3,4,4,11,Champions
CUST-03491,51,2,6193.75,3,2,2,7,Occasional
CUST-03492,90,2,1383.56,2,2,1,5,At Risk
CUST-03493,1,2,22345.0,4,2,4,10,Growing
CUST-03494,202,3,21433.41,1,4,4,9,Growing
CUST-03495,51,3,18903.44,3,4,3,10,Growing
CUST-03496,51,5,10013.73,3,4,2,9,Growing
CUST-03497,51,2,3770.7000000000003,3,2,1,6,Occasional
CUST-03498,27,5,14796.849999999999,3,4,3,10,Growing
CUST-03499,1,3,15500.589999999998,4,4,3,11,Champions
CUST-03500,1,2,25858.75,4,2,4,10,Growing
CUST-03501,1,4,23464.14,4,4,4,12,Champions
CUST-03502,27,1,2629.65,3,1,1,5,At Risk
CUST-03503,202,1,2499.37,1,1,1,3,At Risk
CUST-03504,90,3,21466.059999999998,2,4,4,10,Growing
CUST-03505,153,3,21451.35,2,4,4,10,Growing
CUST-03506,90,5,17379.27,2,4,3,9,Growing
CUST-03507,90,2,4680.04,2,2,1,5,At Risk
CUST-03508,178,2,22118.239999999998,1,2,4,7,Occasional
CUST-03509,178,2,5744.12,1,2,2,5,At Risk
CUST-03510,223,2,3764.0299999999997,1,2,1,4,At Risk
CUST-03511,202,1,1677.93,1,1,1,3,At Risk
CUST-03512,1,4,41169.939999999995,4,4,4,12,Champions
CUST-03513,223,2,2096.7,1,2,1,4,At Risk
CUST-03514,115,2,30827.1,2,2,4,8,Occasional
CUST-03515,1,6,35531.05,4,4,4,12,Champions
CUST-03516,223,1,2380.14,1,1,1,3,At Risk
CUST-03517,90,1,688.31,2,1,1,4,At Risk
CUST-03518,115,1,3492.37,2,1,1,4,At Risk
CUST-03519,90,3,10610.03,2,4,3,9,Growing
CUST-03520,51,1,2036.56,3,1,1,5,At Risk
CUST-03521,90,2,14062.9,2,2,3,7,Occasional
CUST-03522,269,1,3721.31,1,1,1,3,At Risk
CUST-03523,202,3,3497.55,1,4,1,6,Occasional
CUST-03524,295,1,15880.38,1,1,3,5,At Risk
CUST-03525,27,3,18866.36,3,4,3,10,Growing
CUST-03526,51,3,6751.7699999999995,3,4,2,9,Growing
CUST-03527,27,3,19634.38,3,4,4,11,Champions
CUST-03528,51,2,7873.01,3,2,2,7,Occasional
CUST-03529,153,3,32624.34,2,4,4,10,Growing
CUST-03530,115,2,4004.1,2,2,1,5,At Risk
CUST-03531,51,2,2375.35,3,2,1,6,Occasional
CUST-03532,1,5,15234.589999999998,4,4,3,11,Champions
CUST-03533,90,3,23326.41,2,4,4,10,Growing
CUST-03534,246,2,17600.23,1,2,3,6,Occasional
CUST-03535,115,2,4618.4400000000005,2,2,1,5,At Risk
CUST-03536,90,2,3129.5299999999997,2,2,1,5,At Risk
CUST-03537,223,2,1873.83,1,2,1,4,At Risk
CUST-03538,246,1,1492.65,1,1,1,3,At Risk
CUST-03539,27,2,8633.18,3,2,2,7,Occasional
CUST-03540,1,3,27204.4,4,4,4,12,Champions
CUST-03541,1,5,25167.42,4,4,4,12,Champions
CUST-03542,178,3,5308.01,1,4,2,7,Occasional
CUST-03543,27,5,18466.04,3,4,3,10,Growing
CUST-03544,115,3,19521.32,2,4,4,10,Growing
CUST-03545,1,2,8885.099999999999,4,2,2,8,Occasional
CUST-03546,153,3,24220.920000000002,2,4,4,10,Growing
CUST-03547,115,1,5806.36,2,1,2,5,At Risk
CUST-03548,90,2,10582.6,2,2,3,7,Occasional
CUST-03549,115,3,6458.51,2,4,2,8,Occasional
CUST-03550,178,3,8221.6,1,4,2,7,Occasional
CUST-03551,90,2,13609.67,2,2,3,7,Occasional
CUST-03552,51,2,13062.669999999998,3,2,3,8,Occasional
CUST-03553,295,1,3291.31,1,1,1,3,At Risk
CUST-03554,1,5,21629.010000000002,4,4,4,12,Champions
CUST-03555,90,4,15695.25,2,4,3,9,Growing
CUST-03556,115,2,4308.55,2,2,1,5,At Risk
CUST-03557,223,2,3415.24,1,2,1,4,At Risk
CUST-03558,246,2,5321.71,1,2,2,5,At Risk
CUST-03559,1,1,5016.25,4,1,2,7,Occasional
CUST-03560,269,2,6624.62,1,2,2,5,At Risk
CUST-03561,202,1,3051.49,1,1,1,3,At Risk
CUST-03562,1,2,9028.28,4,2,2,8,Occasional
CUST-03563,1,3,18273.050000000003,4,4,3,11,Champions
CUST-03564,1,6,63271.82,4,4,4,12,Champions
CUST-03565,1,1,11322.64,4,1,3,8,Occasional
CUST-03566,202,3,12220.48,1,4,3,8,Occasional
CUST-03567,115,2,23273.07,2,2,4,8,Occasional
CUST-03568,27,4,25269.870000000003,3,4,4,11,Champions
CUST-03569,51,5,11715.94,3,4,3,10,Growing
CUST-03570,1,3,11853.039999999999,4,4,3,11,Champions
CUST-03571,1,4,56590.28999999999,4,4,4,12,Champions
CUST-03572,27,2,4383.14,3,2,1,6,Occasional
CUST-03573,115,2,13416.19,2,2,3,7,Occasional
CUST-03574,153,1,6080.2,2,1,2,5,At Risk
CUST-03576,1,3,16498.0,4,4,3,11,Champions
CUST-03577,51,1,528.44,3,1,1,5,At Risk
CUST-03578,27,2,12868.109999999999,3,2,3,8,Occasional
CUST-03579,295,1,13075.1,1,1,3,5,At Risk
CUST-03580,246,1,1457.55,1,1,1,3,At Risk
CUST-03581,51,6,14703.990000000002,3,4,3,10,Growing
CUST-03582,51,3,10325.619999999999,3,4,2,9,Growing
CUST-03583,27,2,3930.5299999999997,3,2,1,6,Occasional
CUST-03584,1,4,14755.34,4,4,3,11,Champions
CUST-03585,1,3,45766.990000000005,4,4,4,12,Champions
CUST-03586,1,3,15432.62,4,4,3,11,Champions
CUST-03587,223,2,9046.16,1,2,2,5,At Risk
CUST-03588,178,3,40104.5,1,4,4,9,Growing
CUST-03589,153,3,16201.919999999998,2,4,3,9,Growing
CUST-03590,246,1,1155.42,1,1,1,3,At Risk
CUST-03591,90,2,2135.58,2,2,1,5,At Risk
CUST-03592,178,3,17498.97,1,4,3,8,Occasional
CUST-03593,153,2,17004.16,2,2,3,7,Occasional
CUST-03594,269,1,8322.9,1,1,2,4,At Risk
CUST-03595,269,1,1114.42,1,1,1,3,At Risk
CUST-03597,115,2,5334.98,2,2,2,6,Occasional
CUST-03598,27,1,3344.8,3,1,1,5,At Risk
CUST-03599,90,2,14874.42,2,2,3,7,Occasional
CUST-03601,90,4,33567.74,2,4,4,10,Growing
CUST-03602,246,3,10440.74,1,4,3,8,Occasional
CUST-03603,269,2,21491.56,1,2,4,7,Occasional
CUST-03604,27,4,16938.760000000002,3,4,3,10,Growing
CUST-03605,27,3,19488.079999999998,3,4,4,11,Champions
CUST-03606,1,2,15541.1,4,2,3,9,Growing
CUST-03607,178,1,4506.05,1,1,1,3,At Risk
CUST-03608,115,2,9921.42,2,2,2,6,Occasional
CUST-03611,90,2,12405.119999999999,2,2,3,7,Occasional
CUST-03612,178,3,38042.22,1,4,4,9,Growing
CUST-03614,202,2,5204.9400000000005,1,2,2,5,At Risk
CUST-03615,153,1,9001.21,2,1,2,5,At Risk
CUST-03616,1,3,12287.57,4,4,3,11,Champions
CUST-03617,178,5,20197.69,1,4,4,9,Growing
CUST-03618,27,2,10432.45,3,2,3,8,Occasional
CUST-03619,51,5,10169.98,3,4,2,9,Growing
CUST-03620,223,2,4743.01,1,2,1,4,At Risk
CUST-03622,90,2,7141.950000000001,2,2,2,6,Occasional
CUST-03623,27,2,11686.93,3,2,3,8,Occasional
CUST-03624,1,4,26300.75,4,4,4,12,Champions
CUST-03625,1,1,5820.74,4,1,2,7,Occasional
CUST-03626,178,1,3481.94,1,1,1,3,At Risk
CUST-03627,115,2,4289.83,2,2,1,5,At Risk
CUST-03628,115,2,9258.83,2,2,2,6,Occasional
CUST-03629,223,1,1607.33,1,1,1,3,At Risk
CUST-03630,90,1,900.33,2,1,1,4,At Risk
CUST-03631,1,3,35978.79,4,4,4,12,Champions
CUST-03632,90,2,5747.21,2,2,2,6,Occasional
CUST-03633,153,1,13566.57,2,1,3,6,Occasional
CUST-03634,90,3,10733.39,2,4,3,9,Growing
CUST-03635,27,3,6567.85,3,4,2,9,Growing
CUST-03636,27,2,7078.509999999999,3,2,2,7,Occasional
CUST-03637,27,2,12559.119999999999,3,2,3,8,Occasional
CUST-03638,153,2,18884.58,2,2,3,7,Occasional
CUST-03639,1,2,15419.420000000002,4,2,3,9,Growing
CUST-03640,1,3,24779.949999999997,4,4,4,12,Champions
CUST-03641,202,1,630.0,1,1,1,3,At Risk
CUST-03642,178,2,15155.83,1,2,3,6,Occasional
CUST-03643,90,2,2666.0499999999997,2,2,1,5,At Risk
CUST-03644,223,3,5812.07,1,4,2,7,Occasional
CUST-03647,90,3,7551.99,2,4,2,8,Occasional
CUST-03648,269,1,2746.4,1,1,1,3,At Risk
CUST-03649,115,2,5468.15,2,2,2,6,Occasional
CUST-03650,223,2,2928.91,1,2,1,4,At Risk
CUST-03651,90,3,12100.19,2,4,3,9,Growing
CUST-03652,27,2,7608.91,3,2,2,7,Occasional
CUST-03653,51,2,20899.52,3,2,4,9,Growing
CUST-03654,90,1,720.82,2,1,1,4,At Risk
CUST-03655,27,4,17999.13,3,4,3,10,Growing
CUST-03656,153,2,35759.22,2,2,4,8,Occasional
CUST-03657,51,3,10169.86,3,4,2,9,Growing
CUST-03658,223,1,647.53,1,1,1,3,At Risk
CUST-03659,27,1,15235.02,3,1,3,7,Occasional
CUST-03660,1,3,44808.09,4,4,4,12,Champions
CUST-03661,51,5,43092.21,3,4,4,11,Champions
CUST-03662,90,2,7719.65,2,2,2,6,Occasional
CUST-03664,1,5,32113.0,4,4,4,12,Champions
CUST-03665,115,3,23658.23,2,4,4,10,Growing
CUST-03666,295,1,10494.6,1,1,3,5,At Risk
CUST-03667,202,1,3551.83,1,1,1,3,At Risk
CUST-03668,1,6,28012.74,4,4,4,12,Champions
CUST-03669,51,1,211.01,3,1,1,5,At Risk
CUST-03670,1,3,27876.989999999998,4,4,4,12,Champions
CUST-03671,51,6,19478.79,3,4,4,11,Champions
CUST-03672,178,2,15381.23,1,2,3,6,Occasional
CUST-03673,223,1,522.19,1,1,1,3,At Risk
CUST-03674,115,2,9503.73,2,2,2,6,Occasional
CUST-03676,223,1,813.84,1,1,1,3,At Risk
CUST-03677,246,1,889.87,1,1,1,3,At Risk
CUST-03678,202,4,32932.41,1,4,4,9,Growing
CUST-03679,1,1,9479.77,4,1,2,7,Occasional
CUST-03681,202,1,1058.44,1,1,1,3,At Risk
CUST-03682,1,2,27547.26,4,2,4,10,Growing
CUST-03683,27,3,9357.55,3,4,2,9,Growing
CUST-03684,115,4,11960.86,2,4,3,9,Growing
CUST-03685,27,2,12476.13,3,2,3,8,Occasional
CUST-03686,178,2,22887.69,1,3,4,8,Occasional
CUST-03687,1,2,36393.33,4,3,4,11,Champions
CUST-03688,223,2,5536.99,1,3,2,6,Occasional
CUST-03689,269,1,3815.28,1,1,1,3,At Risk
CUST-03690,1,4,19314.65,4,4,4,12,Champions
CUST-03691,153,2,17002.98,2,3,3,8,Occasional
CUST-03693,90,3,9046.32,2,4,2,8,Occasional
CUST-03694,115,2,4140.46,2,3,1,6,Occasional
CUST-03695,1,4,18738.53,4,4,3,11,Champions
CUST-03696,269,1,6316.16,1,1,2,4,At Risk
CUST-03697,223,1,966.72,1,1,1,3,At Risk
CUST-03698,269,1,1798.11,1,1,1,3,At Risk
CUST-03699,1,4,35129.32,4,4,4,12,Champions
CUST-03700,153,2,13000.07,2,3,3,8,Occasional
CUST-03702,1,4,28592.11,4,4,4,12,Champions
CUST-03703,115,2,2619.92,2,3,1,6,Occasional
CUST-03704,153,2,4146.54,2,3,1,6,Occasional
CUST-03705,27,3,6305.54,3,4,2,9,Growing
CUST-03707,90,1,2519.11,2,1,1,4,At Risk
CUST-03708,1,3,8389.619999999999,4,4,2,10,Growing
CUST-03709,223,1,600.32,1,1,1,3,At Risk
CUST-03710,115,2,9834.35,2,3,2,7,Occasional
CUST-03711,115,2,6120.67,2,3,2,7,Occasional
CUST-03712,1,3,11763.27,4,4,3,11,Champions
CUST-03713,269,1,7006.4,1,1,2,4,At Risk
CUST-03714,153,1,3145.41,2,1,1,4,At Risk
CUST-03715,51,1,213.11,3,1,1,5,At Risk
CUST-03716,1,3,28784.58,4,4,4,12,Champions
CUST-03717,115,4,16543.52,2,4,3,9,Growing
CUST-03718,115,2,5938.78,2,3,2,7,Occasional
CUST-03719,1,3,8986.51,4,4,2,10,Growing
CUST-03720,27,2,4938.889999999999,3,3,2,8,Occasional
CUST-03721,27,4,33691.31,3,4,4,11,Champions
CUST-03722,1,2,32572.19,4,3,4,11,Champions
CUST-03723,223,1,2017.91,1,1,1,3,At Risk
CUST-03724,90,1,3512.19,2,1,1,4,At Risk
CUST-03725,51,2,4008.5600000000004,3,3,1,7,Occasional
CUST-03726,1,3,18129.21,4,4,3,11,Champions
CUST-03727,202,2,6833.25,1,3,2,6,Occasional
CUST-03728,1,2,39386.7,4,3,4,11,Champions
CUST-03729,295,1,5769.83,1,1,2,4,At Risk
CUST-03730,153,1,19923.18,2,1,4,7,Occasional
CUST-03731,1,3,13746.22,4,4,3,11,Champions
CUST-03732,51,3,6234.15,3,4,2,9,Growing
CUST-03734,1,3,16280.72,4,4,3,11,Champions
CUST-03735,90,2,8690.92,2,3,2,7,Occasional
CUST-03736,115,1,1602.48,2,1,1,4,At Risk
CUST-03737,1,5,24583.07,4,4,4,12,Champions
CUST-03738,115,4,7010.35,2,4,2,8,Occasional
CUST-03739,51,2,11549.0,3,3,3,9,Growing
CUST-03740,1,3,22017.07,4,4,4,12,Champions
CUST-03741,1,4,9707.29,4,4,2,10,Growing
CUST-03742,27,2,4463.84,3,3,1,7,Occasional
CUST-03743,246,2,4596.75,1,3,1,5,At Risk
CUST-03744,1,2,31840.300000000003,4,3,4,11,Champions
CUST-03745,1,1,8439.63,4,1,2,7,Occasional
CUST-03746,202,1,1292.21,1,1,1,3,At Risk
CUST-03747,115,3,19248.39,2,4,4,10,Growing
CUST-03748,115,4,16667.34,2,4,3,9,Growing
CUST-03749,1,2,13014.27,4,3,3,10,Growing
CUST-03750,27,7,29042.0,3,4,4,11,Champions
CUST-03751,51,2,9656.59,3,3,2,8,Occasional
CUST-03752,27,2,14882.07,3,3,3,9,Growing
CUST-03753,27,4,17788.32,3,4,3,10,Growing
CUST-03754,1,2,15279.56,4,3,3,10,Growing
CUST-03755,1,2,22925.26,4,3,4,11,Champions
CUST-03756,178,2,9163.81,1,3,2,6,Occasional
CUST-03757,27,3,9838.56,3,4,2,9,Growing
CUST-03758,51,4,31420.14,3,4,4,11,Champions
CUST-03759,223,1,1853.57,1,1,1,3,At Risk
CUST-03760,51,3,7810.139999999999,3,4,2,9,Growing
CUST-03761,1,4,40808.41,4,4,4,12,Champions
CUST-03762,27,2,2294.46,3,3,1,7,Occasional
CUST-03763,51,4,16243.57,3,4,3,10,Growing
CUST-03764,115,3,34247.46,2,4,4,10,Growing
CUST-03765,153,2,14874.78,2,3,3,8,Occasional
CUST-03766,1,3,20995.46,4,4,4,12,Champions
CUST-03767,153,3,15292.19,1,4,3,8,Occasional
CUST-03768,153,1,5051.5,1,1,2,4,At Risk
CUST-03769,246,1,1582.7,1,1,1,3,At Risk
CUST-03770,51,1,2248.98,3,1,1,5,At Risk
CUST-03771,178,1,9739.3,1,1,2,4,At Risk
CUST-03772,269,1,10727.97,1,1,3,5,At Risk
CUST-03774,1,1,10029.26,4,1,2,7,Occasional
CUST-03775,27,1,2531.18,3,1,1,5,At Risk
CUST-03777,1,3,12926.95,4,4,3,11,Champions
CUST-03778,153,1,2921.79,1,1,1,3,At Risk
CUST-03779,27,2,17745.58,3,3,3,9,Growing
CUST-03780,27,1,6349.87,3,1,2,6,Occasional
CUST-03781,178,1,5739.0,1,1,2,4,At Risk
CUST-03782,90,1,1729.7,2,1,1,4,At Risk
CUST-03783,90,1,2629.57,2,1,1,4,At Risk
CUST-03784,1,2,8571.68,4,3,2,9,Growing
CUST-03785,1,4,34620.71,4,4,4,12,Champions
CUST-03786,1,1,18560.33,4,1,3,8,Occasional
CUST-03787,223,2,8666.23,1,3,2,6,Occasional
CUST-03788,90,2,21910.5,2,3,4,9,Growing
CUST-03789,1,2,19308.5,4,3,4,11,Champions
CUST-03790,1,3,18943.48,4,4,3,11,Champions
CUST-03791,295,1,6960.32,1,1,2,4,At Risk
CUST-03792,90,2,3686.75,2,3,1,6,Occasional
CUST-03793,90,3,5821.620000000001,2,4,2,8,Occasional
CUST-03794,115,1,2619.81,2,1,1,4,At Risk
CUST-03795,153,2,20507.96,1,3,4,8,Occasional
CUST-03796,1,6,37786.64,4,4,4,12,Champions
CUST-03797,178,3,21606.43,1,4,4,9,Growing
CUST-03798,153,3,9876.98,1,4,2,7,Occasional
CUST-03799,27,1,1745.93,3,1,1,5,At Risk
CUST-03800,178,3,19815.94,1,4,4,9,Growing
CUST-03801,90,4,10555.16,2,4,3,9,Growing
CUST-03802,115,3,7492.38,2,4,2,8,Occasional
CUST-03803,153,3,32204.44,1,4,4,9,Growing
CUST-03804,27,1,3203.37,3,1,1,5,At Risk
CUST-03805,115,2,16721.16,2,3,3,8,Occasional
CUST-03806,1,2,7229.58,4,3,2,9,Growing
CUST-03808,51,3,9204.97,3,4,2,9,Growing
CUST-03809,1,2,10323.07,4,3,2,9,Growing
CUST-03810,153,3,9494.57,1,4,2,7,Occasional
CUST-03811,246,2,3693.49,1,3,1,5,At Risk
CUST-03812,1,4,24856.18,4,4,4,12,Champions
CUST-03813,51,3,22607.39,3,4,4,11,Champions
CUST-03814,202,1,3997.99,1,1,1,3,At Risk
CUST-03815,51,1,2025.42,3,1,1,5,At Risk
CUST-03816,27,3,7005.95,3,4,2,9,Growing
CUST-03817,1,4,39059.159999999996,4,4,4,12,Champions
CUST-03818,115,3,10463.760000000002,2,4,3,9,Growing
CUST-03819,27,4,43510.48999999999,3,4,4,11,Champions
CUST-03820,1,3,19375.97,4,4,4,12,Champions
CUST-03821,1,2,19671.69,4,3,4,11,Champions
CUST-03822,115,2,7499.03,2,3,2,7,Occasional
CUST-03823,246,2,6230.87,1,3,2,6,Occasional
CUST-03824,178,2,30681.899999999998,1,3,4,8,Occasional
CUST-03826,90,1,2265.37,2,1,1,4,At Risk
CUST-03827,202,1,2228.74,1,1,1,3,At Risk
CUST-03828,1,5,33463.79,4,4,4,12,Champions
CUST-03830,1,1,6303.96,4,1,2,7,Occasional
CUST-03831,153,3,23838.989999999998,1,4,4,9,Growing
CUST-03832,27,3,13132.29,3,4,3,10,Growing
CUST-03834,51,3,24209.71,3,4,4,11,Champions
CUST-03835,178,2,12269.17,1,3,3,7,Occasional
CUST-03836,115,2,20411.47,2,3,4,9,Growing
CUST-03837,90,2,7484.25,2,3,2,7,Occasional
CUST-03838,1,4,16533.25,4,4,3,11,Champions
CUST-03839,27,2,9104.02,3,3,2,8,Occasional
CUST-03840,223,1,506.04,1,1,1,3,At Risk
CUST-03841,27,4,12206.04,3,4,3,10,Growing
CUST-03842,115,1,4324.72,2,1,1,4,At Risk
CUST-03843,115,2,2429.25,2,3,1,6,Occasional
CUST-03844,153,1,14543.96,1,1,3,5,At Risk
CUST-03845,51,3,10022.36,3,4,2,9,Growing
CUST-03846,27,5,23891.81,3,4,4,11,Champions
CUST-03849,115,1,11426.31,2,1,3,6,Occasional
CUST-03850,115,1,3394.46,2,1,1,4,At Risk
CUST-03851,269,1,3917.76,1,1,1,3,At Risk
CUST-03852,27,3,5139.39,3,4,2,9,Growing
CUST-03853,223,2,20586.21,1,3,4,8,Occasional
CUST-03855,115,2,27501.989999999998,2,3,4,9,Growing
CUST-03856,246,2,6851.72,1,3,2,6,Occasional
CUST-03857,1,4,48388.16,4,4,4,12,Champions
CUST-03858,51,2,20783.59,3,3,4,10,Growing
CUST-03859,1,2,25109.87,4,3,4,11,Champions
CUST-03860,178,2,21698.0,1,3,4,8,Occasional
CUST-03861,1,2,18495.170000000002,4,3,3,10,Growing
CUST-03862,1,4,12045.18,4,4,3,11,Champions
CUST-03863,90,3,5573.29,2,4,2,8,Occasional
CUST-03864,115,2,3662.91,2,3,1,6,Occasional
CUST-03865,51,1,524.11,3,1,1,5,At Risk
CUST-03866,27,2,9584.73,3,3,2,8,Occasional
CUST-03869,1,1,13414.3,4,1,3,8,Occasional
CUST-03870,27,2,15062.84,3,3,3,9,Growing
CUST-03871,27,2,5513.03,3,3,2,8,Occasional
CUST-03872,27,4,16061.98,3,4,3,10,Growing
CUST-03873,90,2,5435.38,2,3,2,7,Occasional
CUST-03874,27,4,10517.41,3,4,3,10,Growing
CUST-03875,202,1,7893.99,1,1,2,4,At Risk
CUST-03877,27,3,12133.66,3,4,3,10,Growing
CUST-03879,51,2,16094.02,3,3,3,9,Growing
CUST-03880,1,4,26610.76,4,4,4,12,Champions
CUST-03881,153,1,4408.08,1,1,1,3,At Risk
CUST-03882,1,5,41630.31,4,4,4,12,Champions
CUST-03883,90,3,22340.41,2,4,4,10,Growing
CUST-03884,90,3,13283.689999999999,2,4,3,9,Growing
CUST-03885,223,3,5916.700000000001,1,4,2,7,Occasional
CUST-03886,51,3,11000.39,3,4,3,10,Growing
CUST-03887,51,2,35511.91,3,3,4,10,Growing
CUST-03888,178,1,4379.9,1,1,1,3,At Risk
CUST-03889,178,2,26039.16,1,3,4,8,Occasional
CUST-03891,90,3,10374.53,2,4,3,9,Growing
CUST-03892,51,3,7577.82,3,4,2,9,Growing
CUST-03893,1,4,31345.050000000003,4,4,4,12,Champions
CUST-03894,27,2,10732.32,3,3,3,9,Growing
CUST-03896,90,3,12861.48,2,4,3,9,Growing
CUST-03897,178,2,22958.66,1,3,4,8,Occasional
CUST-03898,202,1,1421.56,1,1,1,3,At Risk
CUST-03899,90,2,6307.01,2,3,2,7,Occasional
CUST-03900,27,2,23795.46,3,3,4,10,Growing
CUST-03901,1,4,15913.8,4,4,3,11,Champions
CUST-03902,178,2,36268.759999999995,1,3,4,8,Occasional
CUST-03903,90,2,10623.41,2,3,3,8,Occasional
CUST-03904,27,4,39992.89,3,4,4,11,Champions
CUST-03905,223,2,4040.84,1,3,1,5,At Risk
CUST-03906,153,4,32661.320000000003,1,4,4,9,Growing
CUST-03907,115,1,5255.18,2,1,2,5,At Risk
CUST-03908,90,1,4685.5,2,1,1,4,At Risk
CUST-03909,295,1,1470.0,1,1,1,3,At Risk
CUST-03910,1,4,19260.829999999998,4,4,4,12,Champions
CUST-03911,153,2,3549.04,1,3,1,5,At Risk
CUST-03912,1,3,22792.489999999998,4,4,4,12,Champions
CUST-03913,90,3,13212.99,2,4,3,9,Growing
CUST-03914,90,3,10398.82,2,4,3,9,Growing
CUST-03915,153,3,16910.15,1,4,3,8,Occasional
CUST-03916,90,3,8748.470000000001,2,4,2,8,Occasional
CUST-03917,27,3,4137.46,3,4,1,8,Occasional
CUST-03919,115,3,17223.98,2,4,3,9,Growing
CUST-03920,51,3,20220.11,3,4,4,11,Champions
CUST-03921,115,2,12500.539999999999,2,3,3,8,Occasional
CUST-03924,115,1,3560.46,2,1,1,4,At Risk
CUST-03925,51,4,6573.79,3,4,2,9,Growing
CUST-03926,153,2,11954.41,1,3,3,7,Occasional
CUST-03927,27,2,6520.3,3,3,2,8,Occasional
CUST-03928,1,3,9653.87,4,4,2,10,Growing
CUST-03929,115,1,3216.99,2,1,1,4,At Risk
CUST-03930,295,1,4146.88,1,1,1,3,At Risk
CUST-03931,27,3,14385.74,3,4,3,10,Growing
CUST-03933,202,2,3229.23,1,3,1,5,At Risk
CUST-03934,153,1,1543.16,1,1,1,3,At Risk
CUST-03935,1,3,24072.75,4,4,4,12,Champions
CUST-03936,115,2,12495.800000000001,2,3,3,8,Occasional
CUST-03937,269,2,15320.24,1,3,3,7,Occasional
CUST-03938,27,3,11585.77,3,4,3,10,Growing
CUST-03939,1,2,6193.570000000001,4,3,2,9,Growing
CUST-03940,90,3,15701.85,2,4,3,9,Growing
CUST-03941,90,3,13389.09,2,4,3,9,Growing
CUST-03942,153,2,6380.48,1,3,2,6,Occasional
CUST-03943,269,1,1584.81,1,1,1,3,At Risk
CUST-03944,115,1,1426.16,2,1,1,4,At Risk
CUST-03945,1,3,43769.78,4,4,4,12,Champions
CUST-03947,178,1,22402.36,1,1,4,6,Occasional
CUST-03948,223,3,12007.87,1,4,3,8,Occasional
CUST-03949,90,1,1252.67,2,1,1,4,At Risk
CUST-03950,90,4,14946.31,2,4,3,9,Growing
CUST-03951,153,2,11517.73,1,3,3,7,Occasional
CUST-03952,1,2,10727.92,4,3,3,10,Growing
CUST-03953,1,5,25660.78,4,4,4,12,Champions
CUST-03955,90,4,20893.84,2,4,4,10,Growing
CUST-03956,1,2,22888.86,4,3,4,11,Champions
CUST-03957,246,2,12199.92,1,3,3,7,Occasional
CUST-03958,27,2,21834.4,3,3,4,10,Growing
CUST-03960,90,2,8952.49,2,3,2,7,Occasional
CUST-03961,51,3,7962.56,3,4,2,9,Growing
CUST-03962,202,1,3755.89,1,1,1,3,At Risk
CUST-03963,202,3,4641.32,1,4,1,6,Occasional
CUST-03964,223,2,2814.53,1,3,1,5,At Risk
CUST-03965,1,4,51029.89,4,4,4,12,Champions
CUST-03966,27,1,3439.87,3,1,1,5,At Risk
CUST-03967,153,1,5735.14,1,1,2,4,At Risk
CUST-03968,51,4,25476.120000000003,3,4,4,11,Champions
CUST-03969,153,3,28933.26,1,4,4,9,Growing
CUST-03970,90,1,2087.36,2,1,1,4,At Risk
CUST-03971,51,2,2899.5299999999997,3,3,1,7,Occasional
CUST-03974,51,1,454.05,3,1,1,5,At Risk
CUST-03975,153,2,17508.33,1,3,3,7,Occasional
CUST-03976,115,3,13568.82,2,4,3,9,Growing
CUST-03977,269,1,7321.08,1,1,2,4,At Risk
CUST-03978,51,3,9850.99,3,4,2,9,Growing
CUST-03979,269,1,9029.25,1,1,2,4,At Risk
CUST-03980,202,2,10814.07,1,3,3,7,Occasional
CUST-03981,51,2,2086.05,3,3,1,7,Occasional
CUST-03982,27,3,3729.12,3,4,1,8,Occasional
CUST-03983,90,2,2520.08,2,3,1,6,Occasional
CUST-03984,90,2,11224.95,2,3,3,8,Occasional
CUST-03985,90,4,13843.88,2,4,3,9,Growing
CUST-03986,269,1,9980.68,1,1,2,4,At Risk
CUST-03987,153,2,9817.029999999999,1,3,2,6,Occasional
CUST-03988,1,4,11892.64,4,4,3,11,Champions
CUST-03989,90,4,11171.82,2,4,3,9,Growing
CUST-03990,51,4,39255.09,3,4,4,11,Champions
CUST-03991,1,5,40529.079999999994,4,4,4,12,Champions
CUST-03992,153,3,6088.16,1,4,2,7,Occasional
CUST-03993,202,1,1065.36,1,1,1,3,At Risk
CUST-03994,1,2,11072.099999999999,4,3,3,10,Growing
CUST-03995,178,4,11408.52,1,4,3,8,Occasional
CUST-03996,115,2,11541.52,2,3,3,8,Occasional
CUST-03997,202,1,1654.05,1,1,1,3,At Risk
CUST-03998,90,2,3174.83,2,3,1,6,Occasional
CUST-04000,1,4,53731.799999999996,4,4,4,12,Champions
CUST-04001,90,2,10671.81,2,3,3,8,Occasional
CUST-04002,51,1,4681.6900000000005,3,1,1,5,At Risk
CUST-04003,115,3,15221.720000000001,2,4,3,9,Growing
CUST-04004,115,2,12138.92,2,3,3,8,Occasional
CUST-04005,90,1,394.46,2,1,1,4,At Risk
CUST-04006,27,3,9404.16,3,4,2,9,Growing
CUST-04007,27,1,2551.35,3,1,1,5,At Risk
CUST-04008,51,1,577.21,3,1,1,5,At Risk
CUST-04009,1,1,5202.88,4,1,2,7,Occasional
CUST-04010,1,4,35268.93,4,4,4,12,Champions
CUST-04011,51,2,7407.929999999999,3,3,2,8,Occasional
CUST-04012,90,3,57743.65,2,4,4,10,Growing
CUST-04013,90,3,25642.96,2,4,4,10,Growing
CUST-04014,246,1,1452.27,1,1,1,3,At Risk
CUST-04015,115,4,31579.51,2,4,4,10,Growing
CUST-04016,246,1,1493.43,1,1,1,3,At Risk
CUST-04017,223,1,1249.54,1,1,1,3,At Risk
CUST-04018,90,2,13757.36,2,3,3,8,Occasional
CUST-04019,1,5,45263.18,4,4,4,12,Champions
CUST-04020,90,5,23208.55,2,4,4,10,Growing
CUST-04021,202,3,14371.8,1,4,3,8,Occasional
CUST-04022,27,4,34750.33,3,4,4,11,Champions
CUST-04023,115,4,10545.04,2,4,3,9,Growing
CUST-04024,51,4,19693.38,3,4,4,11,Champions
CUST-04025,90,2,3322.49,2,3,1,6,Occasional
CUST-04026,51,1,427.66,3,1,1,5,At Risk
CUST-04027,90,4,18165.09,2,4,3,9,Growing
CUST-04028,1,4,36387.17,4,4,4,12,Champions
CUST-04029,90,2,2883.65,2,3,1,6,Occasional
CUST-04030,153,3,17009.0,1,4,3,8,Occasional
CUST-04031,51,3,13768.119999999999,3,4,3,10,Growing
CUST-04032,295,1,18254.58,1,1,3,5,At Risk
CUST-04033,51,2,11296.539999999999,3,3,3,9,Growing
CUST-04034,90,1,4328.22,2,1,1,4,At Risk
CUST-04035,27,2,5276.98,3,3,2,8,Occasional
CUST-04036,90,3,27153.840000000004,2,4,4,10,Growing
CUST-04037,153,3,15988.36,1,4,3,8,Occasional
CUST-04038,178,1,8056.31,1,1,2,4,At Risk
CUST-04039,27,1,2887.85,3,1,1,5,At Risk
CUST-04040,1,2,37488.22,4,3,4,11,Champions
CUST-04041,27,1,2020.37,3,1,1,5,At Risk
CUST-04042,269,1,3640.25,1,1,1,3,At Risk
CUST-04043,1,3,11796.51,4,4,3,11,Champions
CUST-04044,223,1,926.79,1,1,1,3,At Risk
CUST-04045,1,1,6704.19,4,1,2,7,Occasional
CUST-04046,51,4,20739.41,3,4,4,11,Champions
CUST-04047,51,3,13853.98,3,4,3,10,Growing
CUST-04049,246,2,37863.01,1,3,4,8,Occasional
CUST-04050,1,2,10100.1,4,3,2,9,Growing
CUST-04051,153,3,38107.88,1,4,4,9,Growing
CUST-04052,1,2,15808.470000000001,4,3,3,10,Growing
CUST-04053,269,1,10063.67,1,1,2,4,At Risk
CUST-04054,27,5,36371.75,3,4,4,11,Champions
CUST-04056,51,5,14821.9,3,4,3,10,Growing
CUST-04057,153,3,33535.46,1,4,4,9,Growing
CUST-04058,1,2,33056.28,4,3,4,11,Champions
CUST-04059,1,4,22516.55,4,4,4,12,Champions
CUST-04060,90,2,3337.13,2,3,1,6,Occasional
CUST-04061,246,1,996.53,1,1,1,3,At Risk
CUST-04062,90,2,8969.37,2,3,2,7,Occasional
CUST-04064,90,3,14271.55,2,4,3,9,Growing
CUST-04065,269,1,12662.25,1,1,3,5,At Risk
CUST-04066,90,1,541.35,2,1,1,4,At Risk
CUST-04067,115,1,1622.85,2,1,1,4,At Risk
CUST-04068,90,1,2005.28,2,1,1,4,At Risk
CUST-04069,269,1,2663.85,1,1,1,3,At Risk
CUST-04070,115,2,10377.490000000002,2,3,3,8,Occasional
CUST-04071,115,2,6433.49,2,3,2,7,Occasional
CUST-04072,27,5,11648.42,3,4,3,10,Growing
CUST-04074,223,2,9742.939999999999,1,3,2,6,Occasional
CUST-04075,90,3,10274.560000000001,2,4,2,8,Occasional
CUST-04076,1,2,7680.01,4,3,2,9,Growing
CUST-04077,51,3,10063.92,3,4,2,9,Growing
CUST-04078,27,3,11099.02,3,4,3,10,Growing
CUST-04079,246,1,2038.35,1,1,1,3,At Risk
CUST-04080,223,1,657.9,1,1,1,3,At Risk
CUST-04081,90,2,10749.39,2,3,3,8,Occasional
CUST-04082,153,3,28667.46,1,4,4,9,Growing
CUST-04083,27,5,13558.130000000001,3,4,3,10,Growing
CUST-04084,90,4,12007.060000000001,2,4,3,9,Growing
CUST-04085,1,1,7238.94,4,1,2,7,Occasional
CUST-04086,1,3,35501.58,4,4,4,12,Champions
CUST-04087,1,3,21811.129999999997,4,4,4,12,Champions
CUST-04088,27,2,12727.529999999999,3,3,3,9,Growing
CUST-04089,295,1,1782.99,1,1,1,3,At Risk
CUST-04090,115,2,3872.21,2,3,1,6,Occasional
CUST-04091,27,6,12800.54,3,4,3,10,Growing
CUST-04092,115,2,27144.02,2,3,4,9,Growing
CUST-04093,1,4,10849.27,4,4,3,11,Champions
CUST-04094,223,1,242.58,1,1,1,3,At Risk
CUST-04095,1,2,7709.62,4,3,2,9,Growing
CUST-04097,115,1,8543.12,2,1,2,5,At Risk
CUST-04098,295,1,20798.69,1,1,4,6,Occasional
CUST-04099,51,2,6628.6900000000005,3,3,2,8,Occasional
CUST-04102,1,2,10209.79,4,3,2,9,Growing
CUST-04103,27,3,28930.17,3,4,4,11,Champions
CUST-04104,178,1,30882.28,1,1,4,6,Occasional
CUST-04105,202,3,5496.15,1,4,2,7,Occasional
CUST-04107,51,2,1959.18,3,3,1,7,Occasional
CUST-04108,269,2,19046.72,1,3,4,8,Occasional
CUST-04109,51,2,10293.26,3,3,2,8,Occasional
CUST-04110,1,2,21194.329999999998,4,3,4,11,Champions
CUST-04111,1,6,26935.44,4,4,4,12,Champions
CUST-04112,1,3,25104.65,4,4,4,12,Champions
CUST-04113,51,4,30662.89,3,4,4,11,Champions
CUST-04114,1,3,11789.11,4,4,3,11,Champions
CUST-04115,1,2,11075.17,4,3,3,10,Growing
CUST-04116,27,3,15957.460000000001,3,4,3,10,Growing
CUST-04117,115,1,1924.8,2,1,1,4,At Risk
CUST-04118,295,1,4439.19,1,1,1,3,At Risk
CUST-04119,1,4,23853.670000000002,4,4,4,12,Champions
CUST-04120,202,2,7743.320000000001,1,3,2,6,Occasional
CUST-04121,178,2,22633.05,1,3,4,8,Occasional
CUST-04122,269,1,4938.55,1,1,2,4,At Risk
CUST-04123,223,1,220.05,1,1,1,3,At Risk
CUST-04124,27,3,26174.870000000003,3,4,4,11,Champions
CUST-04125,295,1,4332.7,1,1,1,3,At Risk
CUST-04128,202,2,8683.11,1,3,2,6,Occasional
CUST-04129,90,1,1863.37,2,1,1,4,At Risk
CUST-04130,27,4,8903.490000000002,3,4,2,9,Growing
CUST-04131,1,3,40404.7,4,4,4,12,Champions
CUST-04133,1,3,14581.990000000002,4,4,3,11,Champions
CUST-04134,51,3,9923.09,3,4,2,9,Growing
CUST-04135,1,3,19651.96,4,4,4,12,Champions
CUST-04136,115,1,5498.9,2,1,2,5,At Risk
CUST-04137,202,4,17669.53,1,4,3,8,Occasional
CUST-04138,1,2,14943.53,4,3,3,10,Growing
CUST-04139,153,1,8245.07,1,1,2,4,At Risk
CUST-04140,27,4,43492.41,3,4,4,11,Champions
CUST-04141,1,4,8454.28,4,4,2,10,Growing
CUST-04142,27,3,10298.539999999999,3,4,2,9,Growing
CUST-04143,153,1,9462.46,1,1,2,4,At Risk
CUST-04144,202,1,2621.39,1,1,1,3,At Risk
CUST-04145,1,2,10727.849999999999,4,3,3,10,Growing
CUST-04147,27,2,10012.99,3,3,2,8,Occasional
CUST-04148,51,3,16797.5,3,4,3,10,Growing
CUST-04149,90,2,5593.13,2,3,2,7,Occasional
CUST-04150,1,4,31327.65,4,4,4,12,Champions
CUST-04153,269,2,20024.6,1,3,4,8,Occasional
CUST-04154,90,1,2179.06,2,1,1,4,At Risk
CUST-04155,115,1,3317.61,2,1,1,4,At Risk
CUST-04156,202,1,5552.24,1,1,2,4,At Risk
CUST-04157,246,1,6738.41,1,1,2,4,At Risk
CUST-04159,51,4,11822.67,3,4,3,10,Growing
CUST-04160,223,1,345.57,1,1,1,3,At Risk
CUST-04162,246,1,3600.38,1,1,1,3,At Risk
CUST-04163,153,3,20810.72,1,4,4,9,Growing
CUST-04164,51,3,7511.53,3,4,2,9,Growing
CUST-04165,1,3,21245.239999999998,4,4,4,12,Champions
CUST-04166,178,2,23477.71,1,3,4,8,Occasional
CUST-04167,115,3,5611.92,2,4,2,8,Occasional
CUST-04168,27,4,14611.52,3,4,3,10,Growing
CUST-04169,51,4,12832.93,3,4,3,10,Growing
CUST-04170,27,2,3506.2,3,3,1,7,Occasional
CUST-04171,295,1,3893.14,1,1,1,3,At Risk
CUST-04172,115,1,7440.34,2,1,2,5,At Risk
CUST-04173,202,3,6154.2300000000005,1,4,2,7,Occasional
CUST-04174,1,3,8629.04,4,4,2,10,Growing
CUST-04175,1,4,29861.41,4,4,4,12,Champions
CUST-04176,1,4,45306.090000000004,4,4,4,12,Champions
CUST-04177,51,2,10643.8,3,3,3,9,Growing
CUST-04178,1,5,18045.690000000002,4,4,3,11,Champions
CUST-04179,90,1,4194.13,2,1,1,4,At Risk
CUST-04180,27,3,9480.12,3,4,2,9,Growing
CUST-04181,1,5,18480.47,4,4,3,11,Champions
CUST-04182,1,3,29122.4,4,4,4,12,Champions
CUST-04183,27,3,10914.210000000001,3,4,3,10,Growing
CUST-04184,115,3,13182.45,2,4,3,9,Growing
CUST-04185,51,2,8055.0599999999995,3,3,2,8,Occasional
CUST-04186,115,2,12567.54,2,3,3,8,Occasional
CUST-04187,1,3,32784.67,4,4,4,12,Champions
CUST-04190,153,1,4075.23,1,1,1,3,At Risk
CUST-04191,153,3,9288.02,1,4,2,7,Occasional
CUST-04192,27,4,10654.32,3,4,3,10,Growing
CUST-04193,153,4,30077.469999999998,1,4,4,9,Growing
CUST-04194,153,3,22154.04,1,4,4,9,Growing
CUST-04196,115,1,2633.55,2,1,1,4,At Risk
CUST-04197,223,2,2365.82,1,3,1,5,At Risk
CUST-04198,51,2,1767.37,3,3,1,7,Occasional
CUST-04200,51,4,7108.32,3,4,2,9,Growing
CUST-04201,153,2,27936.57,1,3,4,8,Occasional
CUST-04202,51,4,14939.880000000001,3,4,3,10,Growing
CUST-04203,90,2,16682.27,2,3,3,8,Occasional
CUST-04204,51,2,8882.74,3,3,2,8,Occasional
CUST-04205,27,5,55191.280000000006,3,4,4,11,Champions
CUST-04206,51,3,7872.1,3,4,2,9,Growing
CUST-04207,115,3,3396.88,2,4,1,7,Occasional
CUST-04208,269,1,3650.09,1,1,1,3,At Risk
CUST-04209,178,2,12893.59,1,3,3,7,Occasional
CUST-04210,51,1,1334.05,3,1,1,5,At Risk
CUST-04211,115,3,17043.04,2,4,3,9,Growing
CUST-04212,90,3,8063.66,2,4,2,8,Occasional
CUST-04214,115,4,23541.25,2,4,4,10,Growing
CUST-04215,115,3,9126.75,2,4,2,8,Occasional
CUST-04216,27,2,9908.49,3,3,2,8,Occasional
CUST-04217,1,1,27092.72,4,1,4,9,Growing
CUST-04218,115,2,4654.67,2,3,1,6,Occasional
CUST-04219,90,3,8711.2,2,4,2,8,Occasional
CUST-04220,1,5,34921.48,4,4,4,12,Champions
CUST-04221,27,3,13637.099999999999,3,4,3,10,Growing
CUST-04222,115,3,19500.870000000003,2,4,4,10,Growing
CUST-04223,153,3,16724.67,1,4,3,8,Occasional
CUST-04224,27,1,4388.28,3,1,1,5,At Risk
CUST-04225,115,2,8271.39,2,3,2,7,Occasional
CUST-04226,1,4,36116.2,4,4,4,12,Champions
CUST-04227,1,3,30251.070000000003,4,4,4,12,Champions
CUST-04228,90,3,10627.9,2,4,3,9,Growing
CUST-04229,178,4,16135.93,1,4,3,8,Occasional
CUST-04230,1,5,90723.94,4,4,4,12,Champions
CUST-04231,246,1,2954.94,1,1,1,3,At Risk
CUST-04232,178,1,4062.16,1,1,1,3,At Risk
CUST-04233,202,2,7083.02,1,3,2,6,Occasional
CUST-04234,115,1,5765.09,2,1,2,5,At Risk
CUST-04235,51,2,2056.71,3,3,1,7,Occasional
CUST-04236,27,2,11140.19,3,3,3,9,Growing
CUST-04237,115,4,28068.550000000003,2,4,4,10,Growing
CUST-04238,202,1,1800.85,1,1,1,3,At Risk
CUST-04239,27,6,25716.52,3,4,4,11,Champions
CUST-04240,90,3,6122.92,2,4,2,8,Occasional
CUST-04241,27,4,10650.5,3,4,3,10,Growing
CUST-04243,115,1,2869.57,2,1,1,4,At Risk
CUST-04244,90,2,15884.330000000002,2,3,3,8,Occasional
CUST-04245,115,2,5615.54,2,3,2,7,Occasional
CUST-04246,295,1,15026.560000000001,1,1,3,5,At Risk
CUST-04247,90,1,1527.0,2,1,1,4,At Risk
CUST-04248,90,3,7957.74,2,4,2,8,Occasional
CUST-04249,27,4,31011.15,3,4,4,11,Champions
CUST-04251,202,2,10303.36,1,3,2,6,Occasional
CUST-04252,115,2,19679.29,2,3,4,9,Growing
CUST-04253,178,2,18019.609999999997,1,3,3,7,Occasional
CUST-04254,246,2,18877.73,1,3,3,7,Occasional
CUST-04255,27,2,9963.779999999999,3,3,2,8,Occasional
CUST-04256,27,4,11721.17,3,4,3,10,Growing
CUST-04258,90,2,3062.34,2,3,1,6,Occasional
CUST-04259,27,2,9467.11,3,3,2,8,Occasional
CUST-04261,115,2,23500.22,2,3,4,9,Growing
CUST-04262,1,4,24280.69,4,4,4,12,Champions
CUST-04263,153,2,4166.05,1,3,1,5,At Risk
CUST-04264,51,4,10545.83,3,4,3,10,Growing
CUST-04265,295,1,1953.32,1,1,1,3,At Risk
CUST-04266,51,3,36345.46000000001,3,4,4,11,Champions
CUST-04267,295,1,17020.92,1,1,3,5,At Risk
CUST-04268,115,1,2176.45,2,1,1,4,At Risk
CUST-04269,202,2,11201.060000000001,1,3,3,7,Occasional
CUST-04270,178,2,16539.03,1,3,3,7,Occasional
CUST-04271,269,1,4950.19,1,1,2,4,At Risk
CUST-04272,178,2,10952.76,1,3,3,7,Occasional
CUST-04274,51,2,4311.5,3,3,1,7,Occasional
CUST-04275,90,2,5392.09,2,3,2,7,Occasional
CUST-04276,27,1,2083.45,3,1,1,5,At Risk
CUST-04277,27,3,9322.71,3,4,2,9,Growing
CUST-04278,115,4,17339.36,2,4,3,9,Growing
CUST-04279,1,2,15290.17,4,3,3,10,Growing
CUST-04280,90,2,6949.83,2,3,2,7,Occasional
CUST-04281,51,2,10536.41,3,3,3,9,Growing
CUST-04282,178,3,16906.75,1,4,3,8,Occasional
CUST-04283,51,3,38700.36,3,4,4,11,Champions
CUST-04284,51,2,2153.09,3,3,1,7,Occasional
CUST-04285,51,1,395.76,3,1,1,5,At Risk
CUST-04286,153,4,15307.580000000002,1,4,3,8,Occasional
CUST-04287,51,3,4139.54,3,4,1,8,Occasional
CUST-04288,51,4,19904.35,3,4,4,11,Champions
CUST-04289,90,2,5068.6,2,3,2,7,Occasional
CUST-04290,27,2,13444.9,3,3,3,9,Growing
CUST-04291,246,2,9727.41,1,3,2,6,Occasional
CUST-04293,246,1,6944.43,1,1,2,4,At Risk
CUST-04294,27,3,23277.58,3,4,4,11,Champions
CUST-04296,223,2,19642.12,1,3,4,8,Occasional
CUST-04297,27,1,1943.67,3,1,1,5,At Risk
CUST-04298,27,2,3816.3199999999997,3,3,1,7,Occasional
CUST-04299,51,1,3419.24,3,1,1,5,At Risk
CUST-04301,202,1,3336.8,1,1,1,3,At Risk
CUST-04302,115,3,23546.559999999998,2,4,4,10,Growing
CUST-04303,153,2,9834.32,1,3,2,6,Occasional
CUST-04304,1,2,21882.870000000003,4,3,4,11,Champions
CUST-04305,27,3,21555.68,3,4,4,11,Champions
CUST-04306,178,3,23291.329999999998,1,4,4,9,Growing
CUST-04307,246,1,3308.84,1,1,1,3,At Risk
CUST-04308,1,4,37034.17,4,4,4,12,Champions
CUST-04309,51,4,22609.66,3,4,4,11,Champions
CUST-04310,1,3,31394.23,4,4,4,12,Champions
CUST-04311,178,4,18993.9,1,4,3,8,Occasional
CUST-04312,1,1,21787.68,4,1,4,9,Growing
CUST-04313,27,3,17433.89,3,4,3,10,Growing
CUST-04314,27,2,4560.31,3,3,1,7,Occasional
CUST-04315,115,2,18787.05,2,3,3,8,Occasional
CUST-04316,178,2,7477.1900000000005,1,3,2,6,Occasional
CUST-04317,178,1,12818.69,1,1,3,5,At Risk
CUST-04318,223,2,18335.190000000002,1,3,3,7,Occasional
CUST-04319,27,4,9089.65,3,4,2,9,Growing
CUST-04320,153,2,7030.0599999999995,1,3,2,6,Occasional
CUST-04321,202,1,13910.51,1,1,3,5,At Risk
CUST-04322,1,2,19923.95,4,3,4,11,Champions
CUST-04323,90,2,3908.6800000000003,2,3,1,6,Occasional
CUST-04324,202,2,15266.52,1,3,3,7,Occasional
CUST-04325,1,3,20126.870000000003,4,4,4,12,Champions
CUST-04326,51,2,2979.92,3,3,1,7,Occasional
CUST-04327,1,2,17617.93,4,3,3,10,Growing
CUST-04328,51,3,35674.46,3,4,4,11,Champions
CUST-04330,202,1,3641.28,1,1,1,3,At Risk
CUST-04331,27,5,16794.35,3,4,3,10,Growing
CUST-04332,1,5,14570.150000000001,4,4,3,11,Champions
CUST-04333,1,4,11446.16,4,4,3,11,Champions
CUST-04334,27,2,4076.24,3,3,1,7,Occasional
CUST-04335,178,1,6245.69,1,1,2,4,At Risk
CUST-04336,153,2,37847.29,1,3,4,8,Occasional
CUST-04338,246,2,4093.7,1,3,1,5,At Risk
CUST-04339,246,1,796.4,1,1,1,3,At Risk
CUST-04340,202,1,1157.05,1,1,1,3,At Risk
CUST-04341,90,2,3257.35,2,3,1,6,Occasional
CUST-04342,269,1,4857.69,1,1,1,3,At Risk
CUST-04343,1,4,23197.489999999998,4,4,4,12,Champions
CUST-04344,1,1,4525.43,4,1,1,6,Occasional
CUST-04345,223,1,337.76,1,1,1,3,At Risk
CUST-04346,27,3,14920.970000000001,3,4,3,10,Growing
CUST-04347,27,6,24305.7,3,4,4,11,Champions
CUST-04348,51,2,4716.65,3,3,1,7,Occasional
CUST-04349,51,2,4871.41,3,3,1,7,Occasional
CUST-04351,51,2,7459.780000000001,3,3,2,8,Occasional
CUST-04352,153,1,5175.4,1,1,2,4,At Risk
CUST-04353,1,1,7260.93,4,1,2,7,Occasional
CUST-04355,51,2,2514.6,3,3,1,7,Occasional
CUST-04356,27,1,1193.47,3,1,1,5,At Risk
CUST-04357,115,2,5485.9400000000005,2,3,2,7,Occasional
CUST-04358,1,3,18088.559999999998,4,4,3,11,Champions
CUST-04359,90,4,36411.56,2,4,4,10,Growing
CUST-04360,153,3,25169.969999999998,1,4,4,9,Growing
CUST-04361,202,3,9514.51,1,4,2,7,Occasional
CUST-04362,115,1,1821.94,2,1,1,4,At Risk
CUST-04364,27,2,2587.12,3,3,1,7,Occasional
CUST-04365,1,4,56468.700000000004,4,4,4,12,Champions
CUST-04366,202,3,2520.96,1,4,1,6,Occasional
CUST-04367,178,2,19418.97,1,3,4,8,Occasional
CUST-04368,51,2,1552.54,3,3,1,7,Occasional
CUST-04369,153,3,10345.12,1,4,2,7,Occasional
CUST-04370,51,3,7094.549999999999,3,4,2,9,Growing
CUST-04371,246,1,353.23,1,1,1,3,At Risk
CUST-04372,90,4,38037.1,2,4,4,10,Growing
CUST-04373,115,2,21309.39,2,3,4,9,Growing
CUST-04374,115,1,13650.36,2,1,3,6,Occasional
CUST-04375,223,1,929.64,1,1,1,3,At Risk
CUST-04376,1,4,17052.85,4,4,3,11,Champions
CUST-04377,1,5,21312.75,4,4,4,12,Champions
CUST-04378,1,3,39415.29,4,4,4,12,Champions
CUST-04379,246,1,1173.45,1,1,1,3,At Risk
CUST-04380,1,3,37301.59,4,4,4,12,Champions
CUST-04382,1,4,42396.18,4,4,4,12,Champions
CUST-04384,1,2,45592.34,4,3,4,11,Champions
CUST-04385,153,3,5959.4400000000005,1,4,2,7,Occasional
CUST-04386,51,1,716.64,3,1,1,5,At Risk
CUST-04387,51,2,1670.56,3,3,1,7,Occasional
CUST-04388,178,2,8544.67,1,3,2,6,Occasional
CUST-04389,1,2,13331.25,4,3,3,10,Growing
CUST-04390,51,2,9814.07,3,3,2,8,Occasional
CUST-04391,269,1,4078.17,1,1,1,3,At Risk
CUST-04392,223,2,4487.98,1,3,1,5,At Risk
CUST-04393,115,1,4544.24,2,1,1,4,At Risk
CUST-04394,27,5,11174.93,3,4,3,10,Growing
CUST-04395,153,3,9924.53,1,4,2,7,Occasional
CUST-04396,1,4,8867.31,4,4,2,10,Growing
CUST-04397,269,1,1706.21,1,1,1,3,At Risk
CUST-04398,1,2,13346.5,4,3,3,10,Growing
CUST-04400,178,2,15856.880000000001,1,3,3,7,Occasional
CUST-04401,27,3,10536.04,3,4,3,10,Growing
CUST-04403,27,2,13692.279999999999,3,3,3,9,Growing
CUST-04404,153,2,8529.46,1,3,2,6,Occasional
CUST-04405,1,1,7211.18,4,1,2,7,Occasional
CUST-04406,1,4,13207.48,4,4,3,11,Champions
CUST-04407,223,1,478.82,1,1,1,3,At Risk
CUST-04408,1,2,7004.57,4,3,2,9,Growing
CUST-04409,1,3,22531.5,4,4,4,12,Champions
CUST-04410,51,1,537.5,3,1,1,5,At Risk
CUST-04411,246,1,4670.74,1,1,1,3,At Risk
CUST-04412,51,2,7041.93,3,3,2,8,Occasional
CUST-04413,27,3,8783.25,3,4,2,9,Growing
CUST-04414,51,3,3678.56,3,4,1,8,Occasional
CUST-04416,1,1,4596.16,4,1,1,6,Occasional
CUST-04417,51,3,12924.890000000001,3,4,3,10,Growing
CUST-04418,1,3,15646.039999999999,4,4,3,11,Champions
CUST-04419,115,2,9184.07,2,3,2,7,Occasional
CUST-04422,1,2,10227.91,4,3,2,9,Growing
CUST-04423,115,2,8049.27,2,3,2,7,Occasional
CUST-04424,51,4,30864.93,3,4,4,11,Champions
CUST-04425,1,3,19310.91,4,4,4,12,Champions
CUST-04427,153,2,21156.34,1,3,4,8,Occasional
CUST-04428,51,2,11333.52,3,3,3,9,Growing
CUST-04429,202,1,3580.98,1,1,1,3,At Risk
CUST-04430,246,1,626.8,1,1,1,3,At Risk
CUST-04431,115,2,7105.79,2,3,2,7,Occasional
CUST-04432,1,3,10417.720000000001,4,4,3,11,Champions
CUST-04433,223,3,11730.27,1,4,3,8,Occasional
CUST-04434,27,2,2101.26,3,3,1,7,Occasional
CUST-04435,153,3,6233.969999999999,1,4,2,7,Occasional
CUST-04436,115,2,11803.74,2,3,3,8,Occasional
CUST-04437,178,3,17227.370000000003,1,4,3,8,Occasional
CUST-04438,1,4,18950.83,4,4,3,11,Champions
CUST-04439,246,2,9900.57,1,3,2,6,Occasional
CUST-04440,51,5,15147.150000000001,3,4,3,10,Growing
CUST-04441,246,1,4118.0,1,1,1,3,At Risk
CUST-04442,1,3,17530.84,4,4,3,11,Champions
CUST-04443,1,5,47003.89,4,4,4,12,Champions
CUST-04444,1,4,11504.84,4,4,3,11,Champions
CUST-04445,1,2,7782.030000000001,4,3,2,9,Growing
CUST-04446,115,4,15783.060000000001,2,4,3,9,Growing
CUST-04447,51,3,9636.89,3,4,2,9,Growing
CUST-04448,153,1,8418.69,1,1,2,4,At Risk
CUST-04449,90,2,4795.65,2,3,1,6,Occasional
CUST-04451,90,3,16689.0,2,4,3,9,Growing
CUST-04452,153,1,10507.49,1,1,3,5,At Risk
CUST-04454,246,2,3409.73,1,3,1,5,At Risk
CUST-04455,1,3,47347.4,4,4,4,12,Champions
CUST-04456,153,4,43759.13,1,4,4,9,Growing
CUST-04457,1,2,36684.03,4,3,4,11,Champions
CUST-04458,27,1,2189.53,3,1,1,5,At Risk
CUST-04459,51,3,27413.300000000003,3,4,4,11,Champions
CUST-04460,90,1,3219.69,2,1,1,4,At Risk
CUST-04461,223,2,10339.73,1,3,2,6,Occasional
CUST-04462,1,2,15566.67,4,3,3,10,Growing
CUST-04463,1,2,28391.59,4,3,4,11,Champions
CUST-04464,27,3,6732.22,3,4,2,9,Growing
CUST-04465,51,4,14256.77,3,4,3,10,Growing
CUST-04467,178,1,2294.25,1,1,1,3,At Risk
CUST-04470,1,3,32761.489999999998,4,4,4,12,Champions
CUST-04471,90,1,6490.65,2,1,2,5,At Risk
CUST-04472,1,1,27584.16,4,1,4,9,Growing
CUST-04473,246,2,14113.81,1,3,3,7,Occasional
CUST-04474,1,1,5708.48,4,1,2,7,Occasional
CUST-04475,202,1,1861.94,1,1,1,3,At Risk
CUST-04476,223,3,13192.44,1,4,3,8,Occasional
CUST-04477,51,4,45669.92,3,4,4,11,Champions
CUST-04478,115,4,31347.11,2,4,4,10,Growing
CUST-04479,1,2,35378.64,4,3,4,11,Champions
CUST-04480,27,3,22700.68,3,4,4,11,Champions
CUST-04481,153,1,1330.0,1,1,1,3,At Risk
CUST-04482,115,1,9101.82,2,1,2,5,At Risk
CUST-04483,90,4,15158.189999999999,2,4,3,9,Growing
CUST-04484,27,1,2194.54,3,1,1,5,At Risk
CUST-04485,27,3,13295.460000000001,3,4,3,10,Growing
CUST-04486,246,1,7183.59,1,1,2,4,At Risk
CUST-04487,202,1,3590.66,1,1,1,3,At Risk
CUST-04488,115,4,19929.730000000003,2,4,4,10,Growing
CUST-04489,153,1,15445.25,1,1,3,5,At Risk
CUST-04490,1,2,4729.07,4,3,1,8,Occasional
CUST-04491,51,2,5123.82,3,3,2,8,Occasional
CUST-04492,115,1,4965.43,2,1,2,5,At Risk
CUST-04493,51,4,19886.32,3,4,4,11,Champions
CUST-04494,223,2,21607.9,1,3,4,8,Occasional
CUST-04495,115,1,6112.38,2,1,2,5,At Risk
CUST-04496,27,4,14227.18,3,4,3,10,Growing
CUST-04498,1,4,14561.65,4,4,3,11,Champions
CUST-04499,51,1,459.32,3,1,1,5,At Risk
CUST-04500,178,1,3873.28,1,1,1,3,At Risk
CUST-04501,115,3,13115.42,2,4,3,9,Growing
CUST-04502,1,1,12175.11,4,1,3,8,Occasional
CUST-04504,90,3,8392.140000000001,2,4,2,8,Occasional
CUST-04505,51,3,17933.370000000003,3,4,3,10,Growing
CUST-04507,223,1,304.47,1,1,1,3,At Risk
CUST-04508,1,5,69520.23000000001,4,4,4,12,Champions
CUST-04509,90,1,6420.9,2,1,2,5,At Risk
CUST-04510,27,2,13294.91,3,3,3,9,Growing
CUST-04511,153,3,32174.61,1,4,4,9,Growing
CUST-04512,90,2,8557.45,2,3,2,7,Occasional
CUST-04513,51,4,16881.53,3,4,3,10,Growing
CUST-04514,27,2,5804.47,3,3,2,8,Occasional
CUST-04515,115,2,12187.509999999998,2,3,3,8,Occasional
CUST-04517,27,3,5487.82,3,4,2,9,Growing
CUST-04518,27,2,6943.7699999999995,3,3,2,8,Occasional
CUST-04519,51,4,28547.16,3,4,4,11,Champions
CUST-04520,202,2,9430.66,1,3,2,6,Occasional
CUST-04521,51,2,6900.46,3,3,2,8,Occasional
CUST-04522,27,3,4513.68,3,4,1,8,Occasional
CUST-04523,202,1,946.27,1,1,1,3,At Risk
CUST-04524,51,2,2701.86,3,3,1,7,Occasional
CUST-04525,115,1,2128.96,2,1,1,4,At Risk
CUST-04526,1,1,12014.92,4,1,3,8,Occasional
CUST-04527,27,7,25790.49,3,4,4,11,Champions
CUST-04528,223,2,8019.070000000001,1,3,2,6,Occasional
CUST-04530,202,2,13272.01,1,3,3,7,Occasional
CUST-04531,202,2,7101.049999999999,1,3,2,6,Occasional
CUST-04532,178,1,9678.0,1,1,2,4,At Risk
CUST-04533,153,1,6104.23,1,1,2,4,At Risk
CUST-04534,295,1,7909.89,1,1,2,4,At Risk
CUST-04535,1,2,7517.65,4,3,2,9,Growing
CUST-04536,202,1,3595.83,1,1,1,3,At Risk
CUST-04538,90,1,9179.619999999999,2,1,2,5,At Risk
CUST-04539,51,4,25658.17,3,4,4,11,Champions
CUST-04540,27,3,10014.77,3,4,2,9,Growing
CUST-04541,1,4,33689.32,4,4,4,12,Champions
CUST-04542,153,4,16167.86,1,4,3,8,Occasional
CUST-04543,51,2,4508.49,3,3,1,7,Occasional
CUST-04544,27,2,6711.4,3,3,2,8,Occasional
CUST-04545,153,3,47383.05,1,4,4,9,Growing
CUST-04546,51,2,2975.83,3,3,1,7,Occasional
CUST-04547,1,4,18784.84,4,4,3,11,Champions
CUST-04548,223,1,1494.98,1,1,1,3,At Risk
CUST-04550,1,2,38043.93,4,3,4,11,Champions
CUST-04551,27,2,9954.800000000001,3,3,2,8,Occasional
CUST-04552,27,2,9326.75,3,3,2,8,Occasional
CUST-04553,153,3,58978.72,1,4,4,9,Growing
CUST-04554,115,4,31440.98,2,4,4,10,Growing
CUST-04555,1,2,13663.4,4,3,3,10,Growing
CUST-04556,153,1,9086.99,1,1,2,4,At Risk
CUST-04557,153,2,16770.34,1,3,3,7,Occasional
CUST-04558,115,3,15005.349999999999,2,4,3,9,Growing
CUST-04560,202,3,6915.28,1,4,2,7,Occasional
CUST-04561,246,1,718.49,1,1,1,3,At Risk
CUST-04562,90,2,5263.59,2,3,2,7,Occasional
CUST-04563,51,2,7389.0,3,3,2,8,Occasional
CUST-04564,1,3,14970.57,4,4,3,11,Champions
CUST-04565,51,4,6877.23,3,4,2,9,Growing
CUST-04566,1,4,20304.5,4,4,4,12,Champions
CUST-04567,246,1,7668.16,1,1,2,4,At Risk
CUST-04568,90,4,57439.27,2,4,4,10,Growing
CUST-04569,51,1,381.61,3,1,1,5,At Risk
CUST-04570,27,3,14419.48,3,4,3,10,Growing
CUST-04571,90,2,14127.43,2,3,3,8,Occasional
CUST-04572,51,3,6919.6,3,4,2,9,Growing
CUST-04573,1,4,11490.63,4,4,3,11,Champions
CUST-04574,1,3,11478.58,4,4,3,11,Champions
CUST-04576,1,4,31387.829999999998,4,4,4,12,Champions
CUST-04577,27,3,17152.55,3,4,3,10,Growing
CUST-04578,51,1,1055.19,3,1,1,5,At Risk
CUST-04579,202,1,1201.84,1,1,1,3,At Risk
CUST-04580,1,4,37691.729999999996,4,4,4,12,Champions
CUST-04581,51,3,5662.45,3,4,2,9,Growing
CUST-04582,202,2,17701.88,1,3,3,7,Occasional
CUST-04583,27,3,4693.1,3,4,1,8,Occasional
CUST-04584,51,3,4992.35,3,4,2,9,Growing
CUST-04587,1,2,7645.9400000000005,4,3,2,9,Growing
CUST-04588,1,1,26902.72,4,1,4,9,Growing
CUST-04589,27,2,8037.42,3,3,2,8,Occasional
CUST-04590,223,1,982.4,1,1,1,3,At Risk
CUST-04591,51,1,822.09,3,1,1,5,At Risk
CUST-04592,223,1,297.39,1,1,1,3,At Risk
CUST-04593,90,2,11753.73,2,3,3,8,Occasional
CUST-04594,1,3,41804.79,4,4,4,12,Champions
CUST-04595,1,4,12850.939999999999,4,4,3,11,Champions
CUST-04596,27,4,11884.08,3,4,3,10,Growing
CUST-04597,115,2,14014.39,2,3,3,8,Occasional
CUST-04598,90,1,1299.91,2,1,1,4,At Risk
CUST-04599,1,2,20043.17,4,3,4,11,Champions
CUST-04600,153,2,22288.86,1,3,4,8,Occasional
CUST-04601,90,3,3942.91,2,4,1,7,Occasional
CUST-04602,1,4,15445.59,4,4,3,11,Champions
CUST-04603,153,2,10562.61,1,3,3,7,Occasional
CUST-04604,202,2,4435.18,1,3,1,5,At Risk
CUST-04605,1,3,20163.75,4,4,4,12,Champions
CUST-04606,295,1,5523.52,1,1,2,4,At Risk
CUST-04607,1,1,7264.93,4,1,2,7,Occasional
CUST-04608,1,2,20933.87,4,3,4,11,Champions
CUST-04609,246,2,4541.37,1,3,1,5,At Risk
CUST-04610,51,2,665.1800000000001,3,3,1,7,Occasional
CUST-04613,246,3,31606.86,1,4,4,9,Growing
CUST-04614,27,3,12753.810000000001,3,4,3,10,Growing
CUST-04615,153,2,6934.08,1,3,2,6,Occasional
CUST-04616,178,2,14955.41,1,3,3,7,Occasional
CUST-04619,27,2,5549.65,3,3,2,8,Occasional
CUST-04620,51,3,1999.6399999999999,3,4,1,8,Occasional
CUST-04621,90,3,8344.01,2,4,2,8,Occasional
CUST-04622,90,2,3190.2,2,3,1,6,Occasional
CUST-04623,295,1,5916.08,1,1,2,4,At Risk
CUST-04624,51,3,8533.21,3,4,2,9,Growing
CUST-04625,27,2,21638.989999999998,3,3,4,10,Growing
CUST-04627,27,2,4801.51,3,3,1,7,Occasional
CUST-04628,90,3,23639.54,2,4,4,10,Growing
CUST-04629,51,2,7492.53,3,3,2,8,Occasional
CUST-04630,90,4,32416.96,2,4,4,10,Growing
CUST-04631,202,1,7818.69,1,1,2,4,At Risk
CUST-04632,223,1,3505.78,1,1,1,3,At Risk
CUST-04634,246,1,433.78,1,1,1,3,At Risk
CUST-04635,27,4,27235.11,3,4,4,11,Champions
CUST-04636,269,1,4424.54,1,1,1,3,At Risk
CUST-04638,246,2,5152.39,1,3,2,6,Occasional
CUST-04639,51,1,1060.28,3,1,1,5,At Risk
CUST-04640,178,3,14602.439999999999,1,4,3,8,Occasional
CUST-04641,27,4,49371.69,3,4,4,11,Champions
CUST-04642,27,3,6152.84,3,4,2,9,Growing
CUST-04643,90,1,1370.16,2,1,1,4,At Risk
CUST-04644,27,4,13847.29,3,4,3,10,Growing
CUST-04645,115,3,11866.32,2,4,3,9,Growing
CUST-04646,1,4,18876.81,4,4,3,11,Champions
CUST-04647,90,2,16155.18,2,3,3,8,Occasional
CUST-04648,246,2,6355.8,1,3,2,6,Occasional
CUST-04649,1,2,37176.9,4,3,4,11,Champions
CUST-04650,90,4,9492.99,2,4,2,8,Occasional
CUST-04651,27,3,29234.96,3,4,4,11,Champions
CUST-04652,51,4,19009.59,3,4,3,10,Growing
CUST-04653,178,1,11104.3,1,1,3,5,At Risk
CUST-04654,202,2,8875.97,1,3,2,6,Occasional
CUST-04655,1,1,8530.0,4,1,2,7,Occasional
CUST-04656,90,4,24649.02,2,4,4,10,Growing
CUST-04657,178,3,29362.44,1,4,4,9,Growing
CUST-04658,223,2,12053.009999999998,1,3,3,7,Occasional
CUST-04659,223,1,2594.24,1,1,1,3,At Risk
CUST-04660,153,2,15688.32,1,3,3,7,Occasional
CUST-04661,27,3,15831.44,3,4,3,10,Growing
CUST-04662,51,1,2243.55,3,1,1,5,At Risk
CUST-04663,90,1,2009.1,2,1,1,4,At Risk
CUST-04664,1,3,11739.24,4,4,3,11,Champions
CUST-04665,1,3,9332.71,4,4,2,10,Growing
CUST-04666,115,2,15718.68,2,3,3,8,Occasional
CUST-04667,27,4,12970.07,3,4,3,10,Growing
CUST-04668,153,3,7241.03,1,4,2,7,Occasional
CUST-04670,51,4,13866.49,3,4,3,10,Growing
CUST-04671,153,1,13674.38,1,1,3,5,At Risk
CUST-04672,90,3,18562.16,2,4,3,9,Growing
CUST-04673,153,4,26308.99,1,4,4,9,Growing
CUST-04674,115,2,13375.04,2,3,3,8,Occasional
CUST-04675,27,2,15355.330000000002,3,3,3,9,Growing
CUST-04676,246,2,16299.06,1,3,3,7,Occasional
CUST-04677,27,1,3461.49,3,1,1,5,At Risk
CUST-04679,178,4,30787.33,1,4,4,9,Growing
CUST-04680,1,3,6987.6,4,4,2,10,Growing
CUST-04681,90,2,9701.380000000001,2,3,2,7,Occasional
CUST-04683,115,2,9778.28,2,3,2,7,Occasional
CUST-04684,202,1,7281.950000000001,1,1,2,4,At Risk
CUST-04685,27,1,6736.36,3,1,2,6,Occasional
CUST-04686,51,1,3093.52,3,1,1,5,At Risk
CUST-04688,153,3,7728.1900000000005,1,4,2,7,Occasional
CUST-04689,153,3,7361.02,1,4,2,7,Occasional
CUST-04690,178,3,14057.66,1,4,3,8,Occasional
CUST-04691,115,1,989.94,2,1,1,4,At Risk
CUST-04692,90,3,9726.949999999999,2,4,2,8,Occasional
CUST-04693,223,2,8287.73,1,3,2,6,Occasional
CUST-04694,51,3,13860.73,3,4,3,10,Growing
CUST-04695,153,1,9479.6,1,1,2,4,At Risk
CUST-04696,115,2,16708.260000000002,2,3,3,8,Occasional
CUST-04697,153,2,5917.77,1,3,2,6,Occasional
CUST-04698,51,1,942.8,3,1,1,5,At Risk
CUST-04699,51,4,8303.56,3,4,2,9,Growing
CUST-04700,269,1,2249.62,1,1,1,3,At Risk
CUST-04701,27,2,4953.7,3,3,2,8,Occasional
CUST-04702,1,1,8967.06,4,1,2,7,Occasional
CUST-04703,51,2,3601.4300000000003,3,3,1,7,Occasional
CUST-04704,90,4,32821.75,2,4,4,10,Growing
CUST-04705,295,1,6397.56,1,1,2,4,At Risk
CUST-04706,246,3,9555.630000000001,1,4,2,7,Occasional
CUST-04707,153,1,4886.83,1,1,1,3,At Risk
CUST-04708,1,4,89101.37000000001,4,4,4,12,Champions
CUST-04709,1,3,9070.43,4,4,2,10,Growing
CUST-04711,1,2,8119.620000000001,4,3,2,9,Growing
CUST-04712,27,5,30963.59,3,4,4,11,Champions
CUST-04713,246,1,2421.48,1,1,1,3,At Risk
CUST-04714,153,1,5173.07,1,1,2,4,At Risk
CUST-04715,51,4,17769.07,3,4,3,10,Growing
CUST-04716,90,4,11937.59,2,4,3,9,Growing
CUST-04717,51,4,12665.3,3,4,3,10,Growing
CUST-04718,178,2,16864.95,1,3,3,7,Occasional
CUST-04719,27,4,17110.01,3,4,3,10,Growing
CUST-04720,115,3,16226.369999999999,2,4,3,9,Growing
CUST-04722,1,6,57413.37,4,4,4,12,Champions
CUST-04723,90,2,4028.08,2,3,1,6,Occasional
CUST-04724,90,3,11455.91,2,4,3,9,Growing
CUST-04725,246,1,1893.37,1,1,1,3,At Risk
CUST-04726,27,3,14324.12,3,4,3,10,Growing
CUST-04727,1,2,22590.21,4,3,4,11,Champions
CUST-04728,27,4,6941.73,3,4,2,9,Growing
CUST-04731,51,3,6832.14,3,4,2,9,Growing
CUST-04732,178,2,2810.25,1,3,1,5,At Risk
CUST-04733,246,1,4344.39,1,1,1,3,At Risk
CUST-04734,1,1,2438.09,4,1,1,6,Occasional
CUST-04735,115,2,10873.1,2,3,3,8,Occasional
CUST-04736,90,2,29307.56,2,3,4,9,Growing
CUST-04737,1,2,26711.18,4,3,4,11,Champions
CUST-04738,51,3,12075.15,3,4,3,10,Growing
CUST-04739,115,2,4132.1,2,3,1,6,Occasional
CUST-04740,1,2,16256.61,4,3,3,10,Growing
CUST-04742,1,2,5445.71,4,3,2,9,Growing
CUST-04743,246,1,823.7,1,2,1,4,At Risk
CUST-04744,27,3,11462.95,3,4,3,10,Growing
CUST-04745,27,3,8568.970000000001,3,4,2,9,Growing
CUST-04746,27,2,4050.8500000000004,3,3,1,7,Occasional
CUST-04747,295,1,4364.08,1,2,1,4,At Risk
CUST-04748,115,2,3003.83,2,3,1,6,Occasional
CUST-04749,1,4,30311.78,4,4,4,12,Champions
CUST-04750,178,2,6979.25,1,3,2,6,Occasional
CUST-04751,1,2,12118.18,4,3,3,10,Growing
CUST-04752,90,2,1466.6,2,3,1,6,Occasional
CUST-04753,178,2,15722.07,1,3,3,7,Occasional
CUST-04754,295,1,2513.73,1,2,1,4,At Risk
CUST-04755,51,5,20266.32,3,4,4,11,Champions
CUST-04756,115,2,4897.599999999999,2,3,1,6,Occasional
CUST-04757,1,5,17678.0,4,4,3,11,Champions
CUST-04758,153,1,2450.3,1,2,1,4,At Risk
CUST-04759,90,1,887.98,2,2,1,5,At Risk
CUST-04760,115,2,17720.62,2,3,3,8,Occasional
CUST-04761,51,3,6046.34,3,4,2,9,Growing
CUST-04762,1,1,20409.36,4,2,4,10,Growing
CUST-04763,178,2,30060.25,1,3,4,8,Occasional
CUST-04764,246,1,1694.46,1,2,1,4,At Risk
CUST-04765,178,4,25456.02,1,4,4,9,Growing
CUST-04766,27,1,4319.96,3,2,1,6,Occasional
CUST-04767,246,2,5771.679999999999,1,3,2,6,Occasional
CUST-04768,51,3,11007.92,3,4,3,10,Growing
CUST-04769,90,2,4066.88,2,3,1,6,Occasional
CUST-04770,269,1,1038.72,1,2,1,4,At Risk
CUST-04771,90,1,1504.7,2,2,1,5,At Risk
CUST-04773,223,1,426.56,1,2,1,4,At Risk
CUST-04774,246,1,4193.27,1,2,1,4,At Risk
CUST-04775,1,2,44470.64,4,3,4,11,Champions
CUST-04776,51,2,26803.48,3,3,4,10,Growing
CUST-04777,51,3,29205.05,3,4,4,11,Champions
CUST-04778,27,2,2313.73,3,3,1,7,Occasional
CUST-04780,115,1,2124.91,2,2,1,5,At Risk
CUST-04781,246,1,5139.37,1,2,2,5,At Risk
CUST-04782,202,1,6245.73,1,2,2,5,At Risk
CUST-04783,90,2,4028.95,2,3,1,6,Occasional
CUST-04784,51,4,6735.58,3,4,2,9,Growing
CUST-04785,1,1,21061.47,4,2,4,10,Growing
CUST-04786,295,1,4929.82,1,2,2,5,At Risk
CUST-04787,153,3,23621.66,1,4,4,9,Growing
CUST-04788,27,4,7789.04,3,4,2,9,Growing
CUST-04789,223,2,3199.3900000000003,1,3,1,5,At Risk
CUST-04790,1,4,15616.61,4,4,3,11,Champions
CUST-04791,27,5,18164.52,3,4,3,10,Growing
CUST-04792,51,2,2004.98,3,3,1,7,Occasional
CUST-04793,1,3,68535.68,4,4,4,12,Champions
CUST-04794,223,2,10000.779999999999,1,3,2,6,Occasional
CUST-04795,178,1,8995.44,1,2,2,5,At Risk
CUST-04796,1,3,20046.190000000002,4,4,4,12,Champions
CUST-04797,153,2,6138.95,1,3,2,6,Occasional
CUST-04798,1,4,12432.43,4,4,3,11,Champions
CUST-04799,115,1,12341.6,2,2,3,7,Occasional
CUST-04800,269,1,2504.49,1,2,1,4,At Risk
CUST-04801,90,1,6034.16,2,2,2,6,Occasional
CUST-04802,27,3,21559.07,3,4,4,11,Champions
CUST-04803,1,4,34402.340000000004,4,4,4,12,Champions
CUST-04804,90,4,7044.2,2,4,2,8,Occasional
CUST-04805,178,2,16527.93,1,3,3,7,Occasional
CUST-04806,27,2,2426.8199999999997,3,3,1,7,Occasional
CUST-04807,1,3,35558.65,4,4,4,12,Champions
CUST-04808,27,2,6172.3,3,3,2,8,Occasional
CUST-04809,90,1,589.72,2,2,1,5,At Risk
CUST-04810,153,2,16937.940000000002,1,3,3,7,Occasional
CUST-04811,1,4,59461.17,4,4,4,12,Champions
CUST-04812,223,3,8118.91,1,4,2,7,Occasional
CUST-04813,115,1,3976.0,2,2,1,5,At Risk
CUST-04814,178,2,11129.76,1,3,3,7,Occasional
CUST-04815,269,1,16205.67,1,2,3,6,Occasional
CUST-04817,51,2,11979.68,3,3,3,9,Growing
CUST-04818,202,1,7276.47,1,2,2,5,At Risk
CUST-04820,27,2,12949.150000000001,3,3,3,9,Growing
CUST-04821,27,2,13802.939999999999,3,3,3,9,Growing
CUST-04822,1,4,37200.24999999999,4,4,4,12,Champions
CUST-04823,223,3,14307.67,1,4,3,8,Occasional
CUST-04824,51,3,3274.7299999999996,3,4,1,8,Occasional
CUST-04825,153,2,6925.43,1,3,2,6,Occasional
CUST-04826,1,4,16705.84,4,4,3,11,Champions
CUST-04827,1,5,36606.22,4,4,4,12,Champions
CUST-04828,27,2,3276.42,3,3,1,7,Occasional
CUST-04829,295,1,21310.75,1,2,4,7,Occasional
CUST-04830,1,3,22283.65,4,4,4,12,Champions
CUST-04831,90,3,3122.76,2,4,1,7,Occasional
CUST-04832,115,2,14878.13,2,3,3,8,Occasional
CUST-04833,27,4,13674.369999999999,3,4,3,10,Growing
CUST-04834,1,4,33115.53,4,4,4,12,Champions
CUST-04835,51,3,3395.9700000000003,3,4,1,8,Occasional
CUST-04836,202,1,9069.66,1,2,2,5,At Risk
CUST-04837,27,3,12113.61,3,4,3,10,Growing
CUST-04838,1,3,18059.43,4,4,3,11,Champions
CUST-04839,90,3,24592.54,2,4,4,10,Growing
CUST-04840,115,3,27298.7,2,4,4,10,Growing
CUST-04841,115,2,7375.389999999999,2,3,2,7,Occasional
CUST-04842,90,3,25978.38,2,4,4,10,Growing
CUST-04843,1,5,31120.760000000002,4,4,4,12,Champions
CUST-04844,27,3,10557.61,3,4,3,10,Growing
CUST-04845,27,2,5532.52,3,3,2,8,Occasional
CUST-04846,115,3,13922.08,2,4,3,9,Growing
CUST-04847,1,3,12781.57,4,4,3,11,Champions
CUST-04848,202,3,5958.33,1,4,2,7,Occasional
CUST-04849,295,1,9051.23,1,2,2,5,At Risk
CUST-04850,153,2,8100.77,1,3,2,6,Occasional
CUST-04851,178,1,16142.61,1,2,3,6,Occasional
CUST-04853,178,4,13687.29,1,4,3,8,Occasional
CUST-04854,115,3,16956.0,2,4,3,9,Growing
CUST-04856,1,1,41158.71,4,2,4,10,Growing
CUST-04858,202,2,5281.9400000000005,1,3,2,6,Occasional
CUST-04859,27,3,14926.91,3,4,3,10,Growing
CUST-04860,51,1,1871.22,3,2,1,6,Occasional
CUST-04861,178,1,25484.27,1,2,4,7,Occasional
CUST-04862,246,1,1069.95,1,2,1,4,At Risk
CUST-04863,1,3,21403.690000000002,4,4,4,12,Champions
CUST-04864,1,3,29951.09,4,4,4,12,Champions
CUST-04865,1,4,16813.89,4,4,3,11,Champions
CUST-04866,115,1,12855.12,2,2,3,7,Occasional
CUST-04867,246,1,1370.4,1,2,1,4,At Risk
CUST-04869,153,2,10764.529999999999,1,3,3,7,Occasional
CUST-04870,27,4,18179.23,3,4,3,10,Growing
CUST-04871,178,1,6074.46,1,2,2,5,At Risk
CUST-04872,27,1,2611.37,3,2,1,6,Occasional
CUST-04873,223,2,3533.87,1,3,1,5,At Risk
CUST-04874,27,3,12461.28,3,4,3,10,Growing
CUST-04875,90,2,6556.719999999999,2,3,2,7,Occasional
CUST-04876,51,1,627.2,3,2,1,6,Occasional
CUST-04877,51,2,7934.71,3,3,2,8,Occasional
CUST-04878,269,1,14652.17,1,2,3,6,Occasional
CUST-04879,51,1,1632.37,3,2,1,6,Occasional
CUST-04880,178,4,10229.56,1,4,2,7,Occasional
CUST-04881,90,4,22431.83,2,4,4,10,Growing
CUST-04882,115,2,35044.58,2,3,4,9,Growing
CUST-04883,27,3,6090.83,3,4,2,9,Growing
CUST-04884,51,1,2443.2799999999997,3,2,1,6,Occasional
CUST-04885,202,2,8454.63,1,3,2,6,Occasional
CUST-04886,153,4,23659.97,1,4,4,9,Growing
CUST-04887,51,3,6632.41,3,4,2,9,Growing
CUST-04888,27,4,15740.64,3,4,3,10,Growing
CUST-04889,115,1,5783.11,2,2,2,6,Occasional
CUST-04890,1,2,23670.34,4,3,4,11,Champions
CUST-04892,115,2,3332.06,2,3,1,6,Occasional
CUST-04893,1,3,46947.700000000004,4,4,4,12,Champions
CUST-04894,223,3,10089.64,1,4,2,7,Occasional
CUST-04895,1,3,8754.39,4,4,2,10,Growing
CUST-04896,202,1,5252.68,1,2,2,5,At Risk
CUST-04897,51,2,5758.43,3,3,2,8,Occasional
CUST-04898,51,3,2189.71,3,4,1,8,Occasional
CUST-04899,1,3,12442.720000000001,4,4,3,11,Champions
CUST-04900,178,1,8525.5,1,2,2,5,At Risk
CUST-04901,1,2,19065.44,4,3,4,11,Champions
CUST-04902,1,5,26400.05,4,4,4,12,Champions
CUST-04903,90,3,16459.1,2,4,3,9,Growing
CUST-04904,178,2,5374.47,1,3,2,6,Occasional
CUST-04905,1,2,4769.51,4,3,1,8,Occasional
CUST-04906,1,4,20319.73,4,4,4,12,Champions
CUST-04907,51,4,27066.960000000003,3,4,4,11,Champions
CUST-04908,269,1,4674.68,1,2,1,4,At Risk
CUST-04910,27,2,30284.5,3,3,4,10,Growing
CUST-04911,178,3,18610.15,1,4,3,8,Occasional
CUST-04912,27,5,27424.01,3,4,4,11,Champions
CUST-04914,1,1,6832.41,4,2,2,8,Occasional
CUST-04915,1,2,8141.54,4,3,2,9,Growing
CUST-04916,51,3,8647.6,3,4,2,9,Growing
CUST-04917,90,2,4246.58,2,3,1,6,Occasional
CUST-04918,90,2,2969.83,2,3,1,6,Occasional
CUST-04919,51,5,13922.89,3,4,3,10,Growing
CUST-04920,115,3,25712.64,2,4,4,10,Growing
CUST-04921,1,4,20005.23,4,4,4,12,Champions
CUST-04922,90,2,7592.25,2,3,2,7,Occasional
CUST-04923,27,2,13001.18,3,3,3,9,Growing
CUST-04924,51,1,331.4,3,2,1,6,Occasional
CUST-04925,27,3,6855.7699999999995,3,4,2,9,Growing
CUST-04926,51,3,9895.59,3,4,2,9,Growing
CUST-04927,115,1,2764.63,2,2,1,5,At Risk
CUST-04928,223,1,2848.16,1,2,1,4,At Risk
CUST-04929,223,1,398.35,1,2,1,4,At Risk
CUST-04930,90,3,7873.13,2,4,2,8,Occasional
CUST-04931,27,3,7823.91,3,4,2,9,Growing
CUST-04932,223,1,422.06,1,2,1,4,At Risk
CUST-04933,295,1,21332.03,1,2,4,7,Occasional
CUST-04934,90,2,2575.02,2,3,1,6,Occasional
CUST-04935,51,2,10274.53,3,3,2,8,Occasional
CUST-04936,115,2,6652.9400000000005,2,3,2,7,Occasional
CUST-04937,27,3,10551.03,3,4,3,10,Growing
CUST-04938,178,3,45881.38,1,4,4,9,Growing
CUST-04939,27,3,10938.34,3,4,3,10,Growing
CUST-04941,246,1,4597.65,1,2,1,4,At Risk
CUST-04942,115,4,37036.61,2,4,4,10,Growing
CUST-04943,115,3,27370.450000000004,2,4,4,10,Growing
CUST-04944,1,2,14342.45,4,3,3,10,Growing
CUST-04945,27,5,24950.66,3,4,4,11,Champions
CUST-04946,295,1,22719.61,1,2,4,7,Occasional
CUST-04947,1,7,32538.68,4,4,4,12,Champions
CUST-04948,223,1,2834.23,1,2,1,4,At Risk
CUST-04949,178,3,37941.84,1,4,4,9,Growing
CUST-04950,202,3,31953.719999999998,1,4,4,9,Growing
CUST-04951,1,3,6498.710000000001,4,4,2,10,Growing
CUST-04952,51,1,290.63,3,2,1,6,Occasional
CUST-04954,115,2,8019.620000000001,2,3,2,7,Occasional
CUST-04955,246,2,9893.31,1,3,2,6,Occasional
CUST-04956,178,2,23646.170000000002,1,3,4,8,Occasional
CUST-04957,1,4,33338.23,4,4,4,12,Champions
CUST-04958,27,1,3084.59,3,2,1,6,Occasional
CUST-04959,27,5,32248.89,3,4,4,11,Champions
CUST-04960,153,2,11449.83,1,3,3,7,Occasional
CUST-04961,202,1,806.11,1,2,1,4,At Risk
CUST-04962,51,2,2406.0,3,3,1,7,Occasional
CUST-04963,51,1,1712.02,3,2,1,6,Occasional
CUST-04964,246,2,9888.66,1,3,2,6,Occasional
CUST-04965,246,1,7293.82,1,2,2,5,At Risk
CUST-04966,90,1,5224.54,2,2,2,6,Occasional
CUST-04967,115,2,9537.16,2,3,2,7,Occasional
CUST-04968,51,1,521.91,3,2,1,6,Occasional
CUST-04969,202,2,12106.560000000001,1,3,3,7,Occasional
CUST-04970,1,3,22956.03,4,4,4,12,Champions
CUST-04971,51,2,2225.3599999999997,3,3,1,7,Occasional
CUST-04972,246,2,4699.1,1,3,1,5,At Risk
CUST-04973,27,1,10582.34,3,2,3,8,Occasional
CUST-04974,1,1,5183.35,4,2,2,8,Occasional
CUST-04975,90,1,805.25,2,2,1,5,At Risk
CUST-04976,90,5,26011.489999999998,2,4,4,10,Growing
CUST-04977,27,4,22718.41,3,4,4,11,Champions
CUST-04978,202,3,19863.230000000003,1,4,4,9,Growing
CUST-04979,269,1,3832.87,1,2,1,4,At Risk
CUST-04980,51,2,6838.87,3,3,2,8,Occasional
CUST-04981,27,5,24864.44,3,4,4,11,Champions
CUST-04982,1,2,15621.58,4,3,3,10,Growing
CUST-04983,153,1,17156.77,1,2,3,6,Occasional
CUST-04984,90,3,4415.62,2,4,1,7,Occasional
CUST-04985,153,3,12854.12,1,4,3,8,Occasional
CUST-04986,178,1,23122.87,1,2,4,7,Occasional
CUST-04987,202,1,1505.4,1,2,1,4,At Risk
CUST-04990,223,1,2286.4,1,2,1,4,At Risk
CUST-04991,153,1,3282.27,1,2,1,4,At Risk
CUST-04992,115,2,6666.34,2,3,2,7,Occasional
CUST-04993,27,2,2626.58,3,3,1,7,Occasional
CUST-04994,51,3,10722.060000000001,3,4,3,10,Growing
CUST-04995,269,1,4337.96,1,2,1,4,At Risk
CUST-04996,1,2,18195.260000000002,4,3,3,10,Growing
CUST-04997,90,4,17749.29,2,4,3,9,Growing
CUST-04998,246,1,2252.07,1,2,1,4,At Risk
CUST-04999,51,3,14942.62,3,4,3,10,Growing
